,ISO,RANK_FREEDOM,COUNTRY,ABUSE_SCORE,PROGRESS_FREEDOM,Rank 2018,Score 2018,ZONE,culture,wld.reg1,gene.5ht,hpp.9,hpp.z9,hpp.z8xl,hpp.z8xt,hpp.z7,hpp.z6,hpp.bst,hpp.ind.bst,gdp.who,gdp.wb,gdp.fact,pop.dens,lat.popu,lat.cent,new.gini,sexratio,sex.rat,soi.tot,soi.male,soi.fem,soi.sexd,b5m.neu,b5m.ext,b5m.ope,b5m.agr,b5m.con,acqui.m,b5s.ext,b5s.agr,b5s.con,b5s.neu,b5s.ope,b5.2.ext,b5.2.ope,b5.2.neu,b5.2.agr,b5.2.con,ind.hof,ind.suh,col.gelf,col.pron,food.spc,food.plt,food.per,pat.lei,pat.sch,pat.fil,pat.lep,pat.thu,pat.mal,pat.trp,pat.tb,pat.den,conform,wvs.ind,wvs.obe,wvs.rac,wvs.rel1,hdi,lif.sat,sat.inq,left.wri,left.gen,b5fs.n1,b5fs.n2,b5fs.n3,b5fs.n4,b5fs.n5,b5fs.n6,b5fs.e1,b5fs.e2,b5fs.e3,b5fs.e4,b5fs.e5,b5fs.e6,b5fs.o1,b5fs.o2,b5fs.o3,b5fs.o4,b5fs.o5,b5fs.o6,b5fs.a1,b5fs.a2,b5fs.a3,b5fs.a4,b5fs.a5,b5fs.a6,b5fs.c1,b5fs.c2,b5fs.c3,b5fs.c4,b5fs.c5,b5fs.c6,b5fo.n1,b5fo.n2,b5fo.n3,b5fo.n4,b5fo.n5,b5fo.n6,b5fo.e1,b5fo.e2,b5fo.e3,b5fo.e4,b5fo.e5,b5fo.e6,b5fo.o1,b5fo.o2,b5fo.o3,b5fo.o4,b5fo.o5,b5fo.o6,b5fo.a1,b5fo.a2,b5fo.a3,b5fo.a4,b5fo.a5,b5fo.a6,b5fo.c1,b5fo.c2,b5fo.c3,b5fo.c4,b5fo.c5,b5fo.c6,b5avgn,b5avge,b5avgo,b5avga,b5avgc,b5avgsd,dom.viol,free.pr,free.cl,free.2,prop.rts,indx.dem
0,NOR,1,Norway,"7,82",0,1,"7,63",UE Balkans,Norway,1,,5,-0.85264142608015,-0.9650970018366909,-0.7880481232851421,-0.9073411666076151,-0.8899241405607741,-0.85264142608015,-0.85264142608015,38813,38196,47800,1.178,60,62,25,01. Mar,98.4,,,,,,,,,,,,,,,,,,,,,69,Jun 95,,0,01. Jun,14,0.11428571428571402,0,0,0,2,1,1,0,1,0,,,27. Aug,,,0.963,07. Apr,2,,,47.3,46.5,49.6,47.7,54.7,47.7,47.5,56.6,50.7,53.1,50.7,54.4,52.9,50.7,50.1,53.2,49.6,53,51.5,50.1,48.6,48.5,49.7,52.8,47.8,48.2,49,48.8,45.8,48.6,,,,,,,,,,,,,,,,,,,,,,,,,,,,,,,47.4,53.6,51.5,49.9,45.7,10. Feb,Jan 79,1,1,2,90,39.2
1,FIN,2,Finland,"7,9",2,4,"10,26",UE Balkans,Finland,1,42.45,6,-0.7500378581575391,-0.849667987923754,-0.672619109372205,-0.775422293564259,-0.736018788676858,-0.7500378581575391,-0.7500378581575391,30415,29770,32800,1.236,61,64,29. May,1.024,95.9,50.5,64.03,41.6,0.69,,,,,,,49.84,49.46,51.6,47.84,50.33,,,,,,63,Jul 15,04. Jul,0,02. Jan,13,0.16153846153846202,0,0,0,2,2,1,0,1,0,,57.6,28. Apr,12. Mar,02. Feb,0.941,07. May,01. Sep,,,,,,,,,,,,,,,,,,,,,,,,,,,,,,,,,,,,,,,,,,,,,,,,,,,,,,,,,,,,,,,,,,,,,Feb 71,1,1,2,95,33.6
2,SWE,3,Sweden,"8,31",-1,2,"8,31",UE Balkans,Sweden,1,43.63,4,-0.9766775954511601,-0.9650970018366909,-0.9275888138275279,-0.9073411666076151,-0.8899241405607741,-0.9766775954511601,-0.9766775954511601,30336,29443,31600,13.419.999.999.999.900,60,62,23,1.028,98.2,,,,,,,,,,,,,,,,,,,,,71,Jul 55,Mar 66,0,02. May,13,0.19230769230769199,0,0,0,1,1,1,0,1,0,,68.8,16. Aug,02. May,0.5,0.9490000000000001,07. May,2,,,45.6,45.5,49.8,46.3,47.8,49.6,47.8,54.8,46.9,46.1,45,53.4,48.4,45.6,48.4,49.7,43.9,50.7,52.9,51.8,51.7,52.7,54.6,59.1,48.8,49.8,52.7,42.7,47,54.5,,,,,,,,,,,,,,,,,,,,,,,,,,,,,,,46.3,50.6,46,56.5,45.7,10. Aug,Feb 94,1,1,2,90,37.7
3,NLD,4,Netherlands,"8,63",-1,3,"10,01",UE Balkans,Netherlands,1,42.72,5,-0.87407402752855,-0.849667987923754,-0.812159799914591,-0.775422293564259,-0.736018788676858,-0.87407402752855,-0.87407402752855,31143,31749,31700,26.889.999.999.999.900,53,53,30. Sep,1.023,97.9,39.34,50.51,31.56,0.76,,,,,,,49.75,46.08,43.91,48.61,49.94,,,,,,80,08. May,03. Jul,0,,,,0,0,0,1,2,1,0,1,0,0.74,53.4,27. Jan,5,04. Mar,0.943,07. Jun,01. Jun,10. Aug,15. Aug,48.5,45.5,50.9,47.9,48.6,48.2,43.9,49.3,46.9,47.6,40.1,49.3,51.4,54.1,50.5,54.2,51,55.3,51.5,51.9,45.5,51.5,54,57.9,45.6,48.7,52.5,49.6,50,51.2,,,,,,,,,,,,,,,,,,,,,,,,,,,,,,,48.6,43.9,55.7,54.6,48.6,10. Feb,Mar 64,1,1,2,90,38.4
4,DNK,5,Denmark,"9,87",4,9,"13,99",UE Balkans,Denmark,1,40.8,4,-0.9766775954511601,-0.9650970018366909,-0.9275888138275279,-0.9073411666076151,-0.8899241405607741,-0.9766775954511601,-0.9766775954511601,31664,31768,37000,21.109.999.999.999.900,56,56,24,1.014,97.9,,,,,50.3,51.8,55.2,53.1,48.4,499,,,,,,,,,,,74,07. Jul,Mar 53,0,01. Sep,18,0.10555555555555601,0,0,0,1,1,1,0,1,0,,80.7,16,07. Apr,0.7,0.941,8,02. Jan,,,46.4,44.9,49.2,48.4,49.8,47.6,49.5,55.9,48,56.8,47.1,52.2,47.6,46.8,47.4,51.5,46.4,48.9,54.2,52.7,48.6,50.6,51.2,51.5,48.2,48.7,50.6,48.5,49.4,48.5,49.3,47.3,52.9,50.1,51.9,50.1,52.1,52,49.5,55.3,47.2,50.6,53.2,52,53.4,54.1,52.3,56.7,54.8,52.7,52,50.6,50.5,54.9,53.1,47.4,50.4,47.9,48.6,47.9,46.5,52.8,46.5,52,47.5,09. Mar,Feb 64,1,1,2,95,44.2
5,CHE,6,Switzerland,"10,52",-1,5,"11,27",UE Balkans,Switzerland,1,,3,-10.847.805.145.632,-10.867.127.858.377.300,-104.920.459.782.857,-10.463.306.340.373.800,-0.8899241405607741,-10.847.805.145.632,-10.847.805.145.632,34087,33062,33600,2.279,47,47,33.7,10.170.000.000.000.000,95.8,39.13,45.45,34.26,0.49,47.5,48.3,58.4,54,53.5,496,50.47,47.69,45.03,48.72,52.62,98.77,111.02,96.22,101.69,98.53,68,07. Sep,Mar 97,0,,,,0,0,0,1,1,0,0,1,0,,42.4,22. Jan,08. Jul,02. May,0.9470000000000001,8,01. Sep,,,51,50.6,50.1,53.1,51.6,53.4,47.3,51.1,49.8,52.8,46.2,52.5,57,57.3,56.4,55.4,54.8,53.6,46,44.7,46.5,45.1,46.7,51.5,48.9,50.6,48.6,50.6,45.6,48.7,46.3,45.3,44.9,48.7,47.8,45.6,52.2,48,49.6,51.5,43.3,52.4,53,55.2,57.2,55.1,55.4,56.8,53.2,52.1,54.9,53.8,50.1,52.4,55.9,52.2,54.8,51.3,53.7,51.4,53.2,48.5,58.9,47,49.6,10. Apr,03. Sep,1,1,2,90,40.3
6,NZL,7,New Zealand,"10,75",1,8,"13,62",Asie-Pacifique,New Zealand,3,43.03,4,-0.9753171246962901,-0.9635664722374621,-0.9260582842282991,-0.905591989922782,-0.8878834344284681,-0.9753171246962901,-0.9753171246962901,24643,23059,26000,1.186,36,41,36.2,1.011,97.3,47.69,60.42,38.79,0.69,47.9,52.4,50.1,50.1,47.8,514,50.61,46.83,44.18,49.59,49.49,103.01,99.59,97.49,96.93,91.98,79,,Mar 67,0,,,,0,0,0,1,0,1,0,1,1,,53.7,21. Sep,02. Sep,05. Jan,0.9329999999999999,07. Apr,02. Mar,06. May,06. Feb,,,,,,,,,,,,,,,,,,,,,,,,,,,,,,,48.9,50.2,50,48.4,49.6,48.4,52.4,51.9,50,48.5,54.9,50.6,50.7,47.7,50.7,50,51,54.3,51.7,51.5,51.4,49.7,52.5,47.5,51.9,48,48.5,48.6,50.3,48,,,,,,,Jan 39,1,1,2,95,33.5
7,JAM,8,Jamaica,"11,13",-2,6,"11,33",Amériques,Jamaica,5,,15,0.17617131463264202,0.1923173314652,0.226308179956268,0.251923179953995,0.30039655175971697,0.17617131463264202,0.17617131463264202,4330,3849,4600,24.090.000.000.000.000,18,18,45.5,0.97,96,,,,,,,,,,,,,,,,,,,,,39,,,,,,,2,1,2,2,2,2,0,2,2,,,,,,0.738,,,,,,,,,,,,,,,,,,,,,,,,,,,,,,,,,,,,,,,,,,,,,,,,,,,,,,,,,,,,,,,,,,,,,,,Apr 19,2,3,5,50,12. Jul
8,BEL,9,Belgium,"12,07",-2,7,"13,16",UE Balkans,Belgium,1,,4,-0.99811019689956,-0.849667987923754,-0.9517004904569781,-0.775422293564259,-0.736018788676858,-0.99811019689956,-0.99811019689956,31481,31131,31800,2.536,51,51,28,1.018,95.8,32.82,39.68,26. Aug,0.69,49.6,52.2,50.4,49.8,47.4,502,45.99,45.07,43.03,53.6,54.59,98.19,104.99,103.2,94.87,90.43,75,Jul 25,,0,,,,0,0,0,0,2,1,0,1,0,0.94,40.7,37.4,16. May,03. Jun,0.945,07. Mar,02. Feb,07. May,15. Jul,52.4,50.6,54.9,50.8,51,53,43.3,52.7,46.7,48.8,47.9,50.5,52.8,52.8,50.2,49.3,48.6,52.1,47.7,48.9,44.7,46.4,53.6,53.8,43.8,47.2,48.7,48.5,46.1,49.1,49.5,49.7,52.4,46,53,49.6,49.8,51.9,50.2,50.2,50.6,51.9,52.5,49.5,51.2,49.8,49.5,52.2,50.9,50.6,49.7,47.3,52.2,50.7,47.4,47.7,48.6,49.6,49,48.4,53,47.7,51.8,50,46.6,10. Mar,Apr 63,1,1,2,80,42.8
9,CRI,10,Costa Rica,"12,24",0,10,"14,01",Amériques,Costa Rica,6,,14,0.11707922995575201,0.1258387362037,0.159829584694767,0.175947642512281,0.0496040460763279,0.11707922995575201,0.11707922995575301,8949,9916,12000,1.912,10,10,48,1.023,103.4,,,,,,,,,,,,,,,,,,,,,15,,May 32,1,,,,2,0,1,2,0,3,2,2,2,,,,,,0.838,,,,,,,,,,,,,,,,,,,,,,,,,,,,,,,,,,,,,,,,,,,,,,,,,,,,,,,,,,,,,,,,,,,,,,,Apr 65,1,1,2,50,20. Sep
10,EST,11,Estonia,"12,27",1,12,"14,08",UE Balkans,Estonia,1,34.81,7,-0.6228751647704449,-0.706609957863272,-0.672619109372205,-0.775422293564259,-0.736018788676858,-0.6228751647704449,-0.6228751647704449,14102,13925,19600,1.484,59,59,34,0.9109999999999999,85.5,39.95,51.51,31.83,0.66,47.9,52.1,46.8,47.8,50,506,50.41,49.58,45.84,46.99,53.17,102.51,99.97,94.89,97.38,95.84,60,4,,,,,,0,0,0,2,2,1,0,2,0,,21. Aug,24. Aug,15. Feb,01. Mar,0.853,05. Feb,02. Apr,,,49,45.7,49.9,48.7,50.1,44.8,49.1,48,51.5,52,50.3,51.3,54.4,53.4,53.9,49.3,50.1,47.2,52.1,46.8,45,46.9,55.3,56.6,44.6,50.3,52.4,50.2,49.6,50.6,48.8,47.9,49.2,48.8,50,46.2,49.8,50.3,52.2,53.4,50.5,50.6,48.8,46.7,49.5,46.4,47.4,50.9,50.7,48.7,48.8,47.4,48.6,49,49.7,51.4,49.7,50,50.6,48.9,49.7,49.9,52.6,50.8,49.6,12. Aug,,1,1,2,90,24
11,PRT,12,Portugal,"12,63",2,14,"14,17",UE Balkans,Portugal,1,,18,0.47171066686202795,0.52479910272326,0.558789951214327,0.631902347106063,0.7437055801037958,0.47171066686202795,0.47171066686202795,19475,19444,19100,2.064,39,40,38.5,0.986,93.7,29.55,41.27,21.32,01. Sep,51.6,51.3,51.3,51.1,50.7,512,48.06,49.52,47.75,50.21,50.29,99.36,101.59,101.81,100.62,98.45,27,Mar 85,May 51,1,04. May,27,0.166666666666667,3,2,2,2,3,2,0,2,2,0.58,21. Jul,42.5,07. Feb,9,0.904,06. Jul,02. Mar,,,56.9,51,54.5,52.8,49.8,54.8,47.2,48.8,45.7,47.3,50,46,49.1,54,47.4,51.1,47.6,42.8,46.1,47.1,45.6,52.3,52.9,52.9,44.9,50.8,50.2,51.7,46.4,51.4,53.5,49.5,50.1,49.3,51.8,50.2,51.5,50.2,49.4,49.6,52.6,49.4,52.6,50.5,51.8,50.9,50.3,51.2,51.3,49.3,50.6,51.1,52.3,51.8,51.5,51.5,51.1,51.4,50.2,49.9,55.5,46.3,49.2,51.2,50.3,09. Jun,May 72,1,1,2,70,23. Sep
12,DEU,13,Germany,"14,6",2,15,"14,39",UE Balkans,Germany,1,43.03,5,-0.87407402752855,-0.849667987923754,-0.812159799914591,-0.775422293564259,-0.736018788676858,-0.87407402752855,-0.87407402752855,28075,28215,31400,2.373,53,51,27,1.038,95.7,39.68,46.36,34.44,0.48,48.1,49.6,54.9,52.1,52.3,516,50.31,45.08,46.52,50.29,47.8,99.91,102.7,98.39,97.18,98.82,67,Jul 35,04. Feb,0,03. Feb,19,0.168421052631579,0,0,0,1,2,1,0,1,0,0.92,70.5,18,04. Mar,02. Jul,0.93,07. Jan,02. Feb,,,51.6,50.8,51.3,52.4,50.7,54.1,47.2,51.1,48.4,49.9,41.5,51.4,54.7,56.9,54.3,54.9,50.9,51.9,46.2,44.8,44.7,48.1,46.7,54.1,45.3,48.7,46.7,48.2,44.6,47,47.1,47.5,46.2,48.7,48.2,47.2,52.6,50.4,50.8,51.5,46.1,50.9,51,55.3,54.6,52.4,52.3,52.7,52.7,49.5,51.5,51.6,50,52.5,54.3,51.8,53.6,50.4,52.3,50.5,52.8,47.3,56.7,49.1,46.7,10. Jun,May 71,1,1,2,90,35.5
13,ISL,14,Iceland,"14,71",-1,13,"14,1",UE Balkans,Iceland,1,,2,-11.873.840.824.858.100,-12.021.417.997.506.600,-11.646.336.117.415.100,-117.824.950.708.073,-10.438.294.924.446.800,-11.873.840.824.858.100,-11.873.840.824.858.100,32590,32338,38100,0.479,64,65,25,1.028,100.8,,,,,48.6,51.5,51.2,52,49.3,508,,,,,,,,,,,,7,,,,,,0,0,0,1,0,0,0,1,0,,76.3,29. Aug,03. Jan,0.9,0.956,07. Aug,01. Aug,,,,,,,,,,,,,,,,,,,,,,,,,,,,,,,,,47.4,49.3,48.7,50.6,51.3,48.3,51.1,52.2,48.2,51.1,50,52.4,51.8,49.3,49.9,50.4,50.7,54.8,53.5,51.4,52.3,53.8,51.2,49.2,50.2,49.5,51.5,51.6,49.7,50.5,,,,,,,0.69,1,1,2,90,35
14,IRL,15,Ireland,15,1,16,"14,59",UE Balkans,Ireland,1,,9,-0.44681358793342896,-0.229459302836857,-0.474549835430563,-0.230107259248356,-0.424126672644414,-0.44681358793342896,-0.44681358793342896,36371,40087,43600,1.776,53,53,32,1.002,99.9,,,,,,,,,,,,,,,,,,,,,70,6,May 14,0,03. Feb,13,0.246153846153846,0,0,0,0,2,3,0,2,2,,49.5,38.5,12. Mar,13. Mar,0.946,07. Aug,02. Jan,12. May,11. Jan,,,,,,,,,,,,,,,,,,,,,,,,,,,,,,,,,,,,,,,,,,,,,,,,,,,,,,,,,,,,,,,,,,,05. Feb,1,1,2,90,32.7
15,AUT,16,Austria,"15,33",-5,11,"14,04",UE Balkans,Austria,1,43.65,6,-0.774248869285624,-0.737364684900463,-0.6998564968913,-0.647075661537641,-0.424126672644414,-0.774248869285624,-0.774248869285624,31648,31900,35500,19.980.000.000.000.000,47,47,26,1.012,94.6,45.73,55.89,38.66,0.55,48.3,50.7,50.5,50.6,52.4,512,50.61,45.9,46.73,49.69,49.29,101.31,99.79,97.99,96.5,99.13,55,Jun 75,Apr 85,0,02. Jul,18,0.15,0,0,0,1,2,0,0,1,2,,70.5,21,06. Jul,02. Jun,0.9359999999999999,,02. Jan,,,52.5,51.6,50.7,51.8,50.7,53.4,48.9,52.2,48.5,49.2,44.1,53,58.1,58,55.8,54.1,54,53,46,43,45.6,46.3,46.4,53.8,47.2,47.4,46.7,49.4,43.7,47.6,47.4,48.8,47.2,48.5,49.8,48.6,51.8,50.7,50.9,51,47.1,51.5,48.9,50.6,50.9,49.1,51.7,50.5,51.5,49,51.6,50.6,48.7,51.6,54.5,52.8,52.9,50,53.2,50.5,52.9,48.4,59.1,48.2,46.7,11,Apr 17,1,1,2,90,37.7
16,LUX,17,Luxembourg,"15,66",0,17,"14,72",UE Balkans,Luxembourg,1,,3,-11.062.131.160.116,-0.9712837719247951,-107.331.627.445.802,-0.91441176099402,-0.736018788676858,-11.062.131.160.116,-11.062.131.160.116,57938,65994,68800,2.269,50,50,26,01. Feb,97.9,,,,,,,,,,,,,,,,,,,,,60,,,,,,,0,0,0,0,2,0,0,1,0,,48.7,26. Jan,06. Mar,03. Apr,0.9490000000000001,07. Jun,02. Jan,,,,,,,,,,,,,,,,,,,,,,,,,,,,,,,,,,,,,,,,,,,,,,,,,,,,,,,,,,,,,,,,,,,,,0.69,1,1,2,90,29. Jan
17,CAN,18,Canada,"15,69",0,18,"15,28",Amériques,Canada,5,,1,-131.142.025.185.682,-12.021.417.997.506.600,-13.041.743.022.838.800,-117.824.950.708.073,-10.438.294.924.446.800,-131.142.025.185.682,-131.142.025.185.682,31389,30272,35200,0.565,44,60,32.1,01. Jan,98.1,34.52,44.33,27. Mar,0.75,49.5,52.5,48.4,49.9,49.6,519,48.32,49.14,49.05,50.58,48.75,100.82,97.15,100.08,99.04,98.65,80,08. May,Apr 26,0,,,,0,0,0,0,0,0,0,1,0,Jan 37,62.3,27,03. Apr,06. May,0.9490000000000001,07. Jun,2,12. Aug,12. Mar,50.4,46.4,50.5,50.8,50.7,48.9,50.4,50.2,49.7,51.3,51.3,52.5,52,51.6,42,48.2,49.9,42.6,44.9,48.4,41.9,54.8,49.9,50.2,44.2,48.9,45.7,48.1,47,53.5,51.5,50.1,49.9,48.6,49.8,49.5,52.5,53,51.6,48,52.7,50,50.1,47.4,50.9,47.4,50.4,50.7,49.7,49.7,52.3,49.9,49.9,49.3,50.7,50.3,49.9,48.8,50.5,50.9,50.5,51.7,51.6,51.9,49.2,11,May 18,1,1,2,90,24. Sep
18,URY,19,Uruguay,"16,06",1,20,"15,56",Amériques,Uruguay,6,,17,0.39026296762799895,0.43317044108497704,0.467161289576044,0.527183876662311,0.6215340312527529,0.39026296762799895,0.39026296762799895,9630,9418,10700,01. Mar,34,33,45.2,0.985,93.3,,,,,,,,,,,,,,,,,,,,,36,,,1,,,,3,2,2,2,0,2,2,2,2,,49.1,28. Aug,06. Aug,04. Mar,0.84,06. Jul,02. Jun,,,,,,,,,,,,,,,,,,,,,,,,,,,,,,,,,,,,,,,,,,,,,,,,,,,,,,,,,,,,,,,,,,,,,Apr 25,1,1,2,70,31. Aug
19,SUR,20,Suriname,"16,38",1,21,"16,44",Amériques,Surinam,6,,19,0.628382307287125,0.701054698201494,0.5919875166320799,0.66984242186921,0.6258146219927451,0.628382307287125,0.628382307287125,4329,,7100,0.465,5,4,,0.992,100.8,,,,,,,,,,,,,,,,,,,,,47,,,,,,,2,2,2,2,1,3,2,3,2,,,,,,0.755,,,,,,,,,,,,,,,,,,,,,,,,,,,,,,,,,,,,,,,,,,,,,,,,,,,,,,,,,,,,,,,,,,,,,,,,2,2,4,40,22. Jul
20,AUS,21,Australia,"16,55",-2,19,"15,46",Asie-Pacifique,Australia,3,45.91,11,-0.253094628202295,-0.290606854224104,-0.11355797567255499,-0.136495283621802,-0.15275832241204598,-0.253094628202295,-0.253094628202295,31454,30161,32900,0.429,34,27,30. May,10.170.000.000.000.000,98.7,37.29,46.52,30.73,0.66,48.6,53.8,50.7,50,47.5,522,48.98,47.51,45.87,50.82,50.07,102.78,100.77,99.42,97.51,93.37,90,9,Apr 17,0,03. Apr,9,0.377777777777778,0,1,2,2,1,2,0,1,2,,52.9,33.7,04. Aug,06. Jan,0.955,07. Mar,02. Jan,10. Jul,10. Feb,,,,,,,,,,,,,,,,,,,,,,,,,,,,,,,49.8,50.3,50.1,48.7,51.1,48.6,53.5,52.3,52.4,48.8,54.9,51.6,51.5,47.8,52.5,49.7,52.4,53.4,52,51.9,52.1,49.3,51.4,47.7,51,47.6,48.4,47.9,49.4,47.5,,,,,,,03. May,1,1,2,90,37.1
21,WSM,22,Samoa,"18,25",0,22,"16,69",Asie-Pacifique,Samoa,3,,,,,-0.353032655512571,-0.410180632010392,-0.147749138195958,-0.35,-0.410180632010392,,5747,,,,,,,108.6,,,,,,,,,,,,,,,,,,,,,,,,,,,,0,0,3,2,0,0,0,,3,,,,,,,,,,,,,,,,,,,,,,,,,,,,,,,,,,,,,,,,,,,,,,,,,,,,,,,,,,,,,,,,,,,,,,,,,,,,,,2,2,4,60,
22,NAM,23,Namibia,"18,95",3,26,"20,24",Afrique,Namibia,4,,12,-0.0878560021270619,-0.104713399889466,-0.21378058145888001,-0.25103540452045997,-0.28638846346047997,-0.0878560021270619,-0.0878560021270619,7910,6469,7400,0.396,,22,70.7,1.015,96.7,,,,,,,,,,,,,,,,,,,,,,,Apr 52,,,,,0,1,0,2,3,2,0,3,1,,,,,,,,,,,,,,,,,,,,,,,,,,,,,,,,,,,,,,,,,,,,,,,,,,,,,,,,,,,,,,,,,,,,,,,,,,,,,,2,2,4,30,07. Apr
23,LVA,24,Latvia,"19,53",0,24,"19,63",UE Balkans,Latvia,1,,7,-0.6228751647704449,-0.706609957863272,-0.672619109372205,-0.775422293564259,-0.736018788676858,-0.6228751647704449,-0.6228751647704449,11802,12113,15400,1.551,57,57,36,0.946,85.2,43.93,49.42,41.68,0.3,,,,,,,49.39,43.79,44.21,51.11,49.91,,,,,,,4,,,,,,0,0,0,2,2,1,0,2,0,,50.8,18. May,04. Aug,01. Jul,0.836,04. Aug,02. Jun,,,,,,,,,,,,,,,,,,,,,,,,,,,,,,,,,,,,,,,,,,,,,,,,,,,,,,,,,,,,,,,,,,,,,,1,1,2,55,27. Jun
24,CPV,25,Cape Verde,"19,81",4,29,"20,39",Afrique,Cape Verde,4,,,,,-0.222104390533779,-0.260548329177487,-0.459641254228401,-0.22,-0.260548329177487,,6577,,,,,,,91.1,,,,,,,,,,,,,,,,,,,,,,,,,,,,0,0,3,2,0,3,0,,1,,,,,,,,,,,,,,,,,,,,,,,,,,,,,,,,,,,,,,,,,,,,,,,,,,,,,,,,,,,,,,,,,,,,,,,,,,,,,,1,1,2,70,14. Apr
25,LIE,26,Liechtenstein,"20,49",4,30,"20,49",UE Balkans,Liechtenstein,1,,3,-10.847.805.145.632,-10.867.127.858.377.300,-104.920.459.782.857,-10.463.306.340.373.800,-0.8899241405607741,-10.847.805.145.632,-10.847.805.145.632,,,,,,,,,,,,,,,,,,,,,,,,,,,,,,,,,,,,,0,0,0,1,1,0,0,1,0,,,,,,,,,,,,,,,,,,,,,,,,,,,,,,,,,,,,,,,,,,,,,,,,,,,,,,,,,,,,,,,,,,,,,,,,,,,,,,1,1,2,,
26,GHA,27,Ghana,"20,81",-4,23,"18,41",Afrique,Ghana,4,,24,116.076.861.724.002,11.604.486.063.561.200,119.092.211.532.909,11.948.640.311.887.800,12.383.398.328.655.700,116.076.861.724.002,116.076.861.724.002,2250,2221,2600,19.969.999.999.999.900,6,8,39.4,0.996,102.7,,,,,,,,,,,,,,,,,,,,,20,3,,0,02. Feb,19,0.1157,1,3,3,3,2,3,3,3,3,Jan 91,,,,,0.52,,02. Apr,,,,,,,,,,,,,,,,,,,,,,,,,,,,,,,,,,,,,,,,,,,,,,,,,,,,,,,,,,,,,,,,,,,,,Apr 43,1,2,3,50,15
27,ESP,29,Spain,"21,99",2,31,"20,51",UE Balkans,Spain,1,46.75,13,-0.04509176165877099,-0.05660362936263901,0.12044524918891,0.130936973362729,0.32140035607129497,-0.04509176165877099,-0.04509176165877099,24325,25935,27000,19.080.000.000.000.000,41,40,32,10.070.000.000.000.000,96.9,33.72,46.08,25.17,01. Jan,49.7,50.4,48.8,51.4,51.3,500,49,45.26,46.8,54.03,49.64,99.4,98.44,103.73,96.66,98.1,51,05. May,May 45,1,,,,3,0,1,2,3,1,0,1,2,,44.4,41.4,11. May,07. Feb,0.9279999999999999,06. Jun,02. Feb,03. Jun,6,58.6,50.1,56.5,54,52,57.6,43.3,50.6,45.6,50.1,48.3,49.2,52.4,51.1,47.7,44.6,45.4,48.5,47,43.8,45.8,44.8,53.1,57.2,44.6,48.1,47.8,51.4,44.3,51.8,51.6,46.3,49.5,49.9,50.8,48.8,50.5,50.6,51.4,50,46.3,51.7,49.8,49.4,49,47.9,47.1,53.1,51.2,48.6,50.2,50.4,54.4,50.6,52.7,51.2,51.7,51.3,52.1,51.3,57.1,48.3,48,49.4,48.3,11. Feb,Jun 36,1,1,2,70,31. Jul
28,LTU,30,Lithuania,"22,06",6,36,"22,2",UE Balkans,Lithuania,1,,6,-0.7469113341414549,-0.706609957863272,-0.812159799914591,-0.775422293564259,-0.736018788676858,-0.7469113341414549,-0.7469113341414549,12572,12448,15100,1.739,55,56,36,0.9590000000000001,87.4,46.1,60.44,35.25,0.82,,,,,,,49.71,42.61,44.56,51.87,49.04,,,,,,,4,,,,,,0,0,0,1,2,1,0,2,0,,76.9,22. Apr,09. Aug,03. Jun,0.852,04. Sep,02. Sep,,,,,,,,,,,,,,,,,,,,,,,,,,,,,,,,,,,,,,,,,,,,,,,,,,,,,,,,,,,,,,,,,,,,,,1,1,2,50,27. Apr
29,ZAF,31,South Africa,"22,19",-3,28,"20,39",Afrique,South Africa,4,27.79,14,0.10929398009457901,0.117080330109879,0.008013148540465179,0.00244314405022123,0.00933650987198046,0.10929398009457901,0.10929398009457901,8506,11503,13000,1.557,27,29,65,0.951,96.9,,,,,,,,,,,49.61,49.97,49.61,49.01,49.01,,,,,,65,May 75,,0,02. Jun,8,0.325,0,2,0,2,3,2,0,3,2,,62.5,48.1,23. Jun,19. Apr,0.6579999999999999,05. Jun,03. Jan,,,49,49.8,53.2,52,47.6,50.1,46.9,48.3,47.3,46.2,44.9,47.9,48.7,52.6,47.6,49.9,51.1,45.8,46.2,50.5,45,52.7,51,51.2,44.8,47.8,47.1,47.7,47,51.8,,,,,,,,,,,,,,,,,,,,,,,,,,,,,,,50.5,44.3,51.5,51.3,47.9,09. Apr,Jun 62,2,2,4,50,12. May
30,FRA,32,France,"22,21",1,33,"21,87",UE Balkans,France,1,43.18,9,-0.45537324769896,-0.518170301157851,-0.34112142260630296,-0.39656779440322704,-0.2940218729889881,-0.45537324769896,-0.45537324769896,30093,28758,30100,2.048,49,46,32.7,1.002,94.5,36.67,45.88,30.66,0.66,52.7,48,51.4,51.3,48.4,496,45.44,46.64,49.26,52.29,48.09,93.44,99.49,104.99,97.94,97.66,71,07. May,Apr 66,0,03. Aug,25,0.152,2,0,1,2,2,1,0,1,0,0.56,29. Mar,34.5,08. Sep,01. Aug,0.938,06. Jun,02. Feb,07. Aug,10. Jul,55.1,51.2,54.6,52.1,51.9,53.7,48.1,49.2,46.7,50.5,45.4,49,54.1,52.7,50.9,53.8,52.7,51.9,43,50.1,48.9,49.8,55.4,54.7,42.1,48.3,49.2,48.2,44.7,48,53.9,51.7,52.1,51.2,51.3,51.1,48.4,46.7,47.5,51.5,47.5,47.6,52.4,49.1,49.6,50.2,50.7,54.1,48.1,52.6,50.9,50.7,52.5,51.9,48,48.3,48.9,47,48.4,47.1,55.4,47.3,54.1,52.1,47.4,10. Sep,Jun 94,1,1,2,70,27. Jul
31,GBR,33,United Kingdom,"22,23",7,40,"23,25",UE Balkans,United Kingdom,1,43.98,4,-100.554.883.588.882,-0.8580364567866741,-0.9600689593198979,-0.7849862579790251,-0.7471767471607509,-100.554.883.588.882,-100.554.883.588.882,31308,30314,31400,2.401,51,54,34,1.025,95.8,40.17,57.38,29. Jun,0.95,50.1,53.7,53.5,50.2,48.1,512,49.79,47.31,46.89,51.39,45.97,103.49,99.47,101.49,97.51,94.99,89,Aug 95,04. Aug,0,02. Jan,13,0.16153846153846202,0,0,1,0,1,1,0,1,0,0.81,53.2,49.1,08. Jun,05. Aug,0.9390000000000001,07. Feb,02. Feb,11. Feb,12,,,,,,,,,,,,,,,,,,,,,,,,,,,,,,,50.8,50.6,50.4,48.7,51.9,48.6,53,50.7,51.1,49.8,53.2,53.5,54.4,50.3,55.3,53.2,51.2,55.9,51.6,49.8,52.6,49.1,51.1,49.2,51.3,49,48.8,48.6,49.4,47.8,,,,,,,Aug 37,1,1,2,90,33.5
32,SVN,34,Slovenia,"22,31",-2,32,"21,69",UE Balkans,Slovenia,1,42.52,5,-0.87407402752855,-0.849667987923754,-0.812159799914591,-0.775422293564259,-0.736018788676858,-0.87407402752855,-0.87407402752855,20326,20635,23400,1.999,46,46,24,10.170.000.000.000.000,95.2,46.26,59.45,36.45,0.89,50.6,49.5,48.8,49,52.3,515,50.54,50.18,49.24,45.28,50.5,100.04,99.3,95.88,99.18,101.54,27,5,May 43,,,,,0,0,0,1,2,1,0,1,0,,70.3,31. Jan,12,02. Feb,0.904,06. Mar,02. Apr,,,,,,,,,,,,,,,,,,,,,,,,,,,,,,,,,51.1,50,49.3,49.9,50.2,50,49.4,49.6,49.1,52.1,49,49.7,48.7,49,49.7,47.8,49.5,51,49.9,49.2,50.3,48.8,50.6,47.1,51.4,51.5,51.3,52,51.2,52.1,,,,,,,,1,1,2,60,28. Aug
33,SVK,35,Slovakia,"23,58",-8,27,"20,26",UE Balkans,Slovakia,1,,4,-0.99811019689956,-0.849667987923754,-0.9517004904569781,-0.775422293564259,-0.736018788676858,-0.99811019689956,-0.99811019689956,14310,14410,17700,2.048,48,49,26,0.992,94.3,34.9,44.27,28.52,0.64,49.2,49.7,48.2,50.6,48.6,508,49.05,47.38,42.44,51.57,52.53,98.75,100.73,100.77,97.98,91.04,52,,,,,,,0,0,0,0,2,1,0,1,0,,61.3,30.2,17,14. Jul,0.8490000000000001,05. Jun,02. May,,,,,,,,,,,,,,,,,,,,,,,,,,,,,,,,,49.5,51.2,48.6,48,51.4,50.5,51.1,48.8,48,49.7,48,50.1,48.9,47.9,47.8,51.5,47,51.4,49.9,51.6,49.7,49,52.7,49,49.7,50.2,49,47.8,48.4,51,,,,,,,,1,1,2,50,32.9
34,BFA,36,Burkina Faso,"24,53",5,41,"23,33",Afrique,Burkina Faso,4,,24,115.655.441.932.516,115.570.763.370.189,118.618.114.267.486,118.944.577.672.681,123.201.853.599.328,115.655.441.932.516,115.655.441.932.516,1263,1117,1300,1.719,12,13,39.5,0.996,99.3,,,,,53.1,48.8,49.3,51.3,49.7,534,,,,,,,,,,,,,,1,,,,2,3,3,3,2,3,3,3,2,,,,,,0.317,,,,,,,,,,,,,,,,,,,,,,,,,,,,,,,,,,,52,52.9,52.6,55,48.9,50.9,50,50.3,48.2,47.3,50.7,47.8,48.5,50.7,48.1,51.5,50.1,45.3,47.1,48.3,49.2,51.8,50.3,56.3,46.6,49.9,49.1,49.7,48.8,51.2,,,,,,,Jan 79,5,3,8,30,02. Jun
35,AND,37,Andorra,"24,63",0,37,"22,21",UE Balkans,Andorra,1,,3,-10.847.805.145.632,-10.867.127.858.377.300,-104.920.459.782.857,-10.463.306.340.373.800,-0.8899241405607741,-10.847.805.145.632,-10.847.805.145.632,,,,,,,,,,,,,,,,,,,,,,,,,,,,,,,,,,,,,0,0,0,1,1,0,0,1,0,,,,,,,,,,,,,,,,,,,,,,,,,,,,,,,,,,,,,,,,,,,,,,,,,,,,,,,,,,,,,,,,,,,,,,,,,,,,,,1,1,2,,
36,PNG,38,Papua New Guinea,"24,7",15,53,"26,19",Asie-Pacifique,Papua New Guinea,3,,,,0.244679360835825,,0.148270607737016,0.0173141721718522,0.24,0.148270607737016,,2601,,,,,50.9,,103.5,,,,,,,,,,,,,,,,,,,,,,,,,,,,0,0,2,,2,3,0,3,3,,,,,,,,,Aug 66,10. Mar,,,,,,,,,,,,,,,,,,,,,,,,,,,,,,,,,,,,,,,,,,,,,,,,,,,,,,,,,,,,,,,,,,,Mar 61,3,3,6,20,29. Apr
37,TTO,39,Trinidad and Tobago,"24,74",0,39,"22,79",Amériques,Trinidad & Tobago,6,,13,-0.0310148066017686,-0.0407670549235113,-0.00677620643244407,-0.0144589759188179,-0.0103826300918986,-0.0310148066017686,-0.0310148066017686,14903,14661,19700,2.314,11,11,,1.109,95,,,,,,,,,,,,,,,,,,,,,16,,,,,,,2,2,1,2,0,2,0,2,2,,,,,,0.8009999999999999,,,,,,,,,,,,,,,,,,,,,,,,,,,,,,,,,,,,,,,,,,,,,,,,,,,,,,,,,,,,,,,,,,,,,,,03. Apr,2,2,4,60,21
38,CZE,40,Czech Republic,"24,89",-6,34,"21,89",UE Balkans,Czech Republic,1,,5,-0.87407402752855,-0.849667987923754,-0.812159799914591,-0.775422293564259,-0.736018788676858,-0.87407402752855,-0.87407402752855,18598,19272,21600,2.122,50,50,26,1.008,95.2,37.52,48.96,29.49,0.81,51.4,48.1,50.4,54.2,51.5,536,50.22,44.09,42.87,51.02,50.59,98.32,100.99,102.42,98.29,94.37,58,7,,0,,,,0,0,0,1,2,1,0,1,0,,68.9,18. Apr,09. Aug,01. Sep,0.8740000000000001,,,,,51.1,51.3,51.9,49,52,59.9,50.5,48.3,47.9,47.8,42.4,52.3,52.4,52,51.6,53.7,49.8,49.9,41,51.7,48.3,48.1,51,50.1,40.3,47.7,50.1,49.7,45.2,49.8,49.8,51.4,48.8,48.7,49.3,51.1,54.3,47.1,48.2,48.1,42.9,48.9,46.1,50.9,51.9,49.7,49.6,52.1,48.7,55.1,54.2,50.9,54,52.9,49,48.3,53.9,50.7,50.3,50.5,54.2,47.4,52.3,50.7,47.5,11. Aug,Apr 62,1,1,2,70,39.3
39,KOR,41,South Korea,"24,94",2,43,"23,51",Asie-Pacifique,South Korea,2,79.45,12,-0.112719626065968,-0.272225667363122,-0.0986941283296679,-0.27898310442123,-0.156839734676657,-0.112719626065968,-0.112719626065968,20901,20161,24200,2.699,37,37,31,1.038,98.1,22.21,30.52,16.22,0.97,48.4,50.7,50.9,50.3,48.3,494,44.86,44.11,40.6,53.99,44.3,95.56,95.2,102.39,94.41,88.9,18,02. Apr,May 54,1,03. May,13,0.269230769230769,0,1,2,3,3,1,0,2,0,,77.3,14. Aug,34.7,13. Jan,0.9009999999999999,05. Aug,02. Jun,,,53.1,50,54.6,56.7,45.9,57.3,41.3,48.5,46,45.6,40.3,43,48.4,52.9,46.5,47.3,48.7,48.9,51.2,52.1,43.2,50.4,46.7,53.3,42.1,47.6,52.8,47.9,44.9,52.5,48.9,48.3,49.4,51.2,48.1,50.4,50.4,52.2,52.9,49.5,49.4,51.9,49.5,50.3,52.9,52,49.7,49.1,52.8,50.4,47.3,51,46.6,50.3,48.4,49.1,49.3,45.7,50.7,50.4,53.6,40,51.4,52.3,48.8,09. Feb,May 91,1,2,3,70,
40,TWN,42,Taiwan,"24,98",0,42,"23,36",Asie-Pacifique,Taiwan,2,70.57,16,0.29904502091630897,0.330550251034326,0.221483069464912,0.246408767963875,0.131808692436521,0.29904502091630897,0.29904502091630897,,,29000,Feb 85,25,24,,01. Feb,,19.22,28.42,14.24,0.8,,,,,,,47.75,44.74,42.52,53.13,45.7,,,,,,17,Mar 85,May 59,1,,,,0,2,3,2,0,3,0,3,3,,66.2,33.2,17. Jan,3,,06. Jun,02. Mar,,,51.1,46.4,52.6,53.9,45.4,56,46.1,46.5,45.6,43.4,41.4,46.8,46.2,54.7,47.4,47.3,46.2,47.1,50.4,51.3,45.4,56.9,45.6,53.1,42.5,47.3,48.9,49.7,45.7,54.4,,,,,,,,,,,,,,,,,,,,,,,,,,,,,,,51.5,42,50.2,54.5,48.1,09. Feb,Jun 14,2,1,3,70,32.4
41,ITA,43,Italy,"24,98",3,46,"24,12",UE Balkans,Italy,1,48.54,15,0.16367543757604,0.17825946977652396,0.35530834832807207,0.39935194380748706,0.310242397587401,0.16367543757604,0.16367543757604,27952,27905,29700,2.296,42,43,32,1.025,94.3,34.37,51.73,21.39,Jan 13,52.6,46.5,52.3,48.1,48.3,488,49.8,46.52,48.62,51.66,50,96.3,102.3,104.26,94.62,96.92,76,06. Aug,Apr 94,1,03. Apr,29,0.11724137931034499,3,0,2,2,2,3,0,1,2,,41.1,29. Sep,15. Jun,10. Feb,0.934,06. Sep,02. Mar,06. May,8,55.1,53.8,53.8,50.1,52.4,55.4,47.6,50.8,48.2,52.6,44.3,46.8,54.1,56.4,49.8,49.9,49.2,47.5,44.6,52.9,48.1,43.6,49.8,48.9,44.1,45,51.3,49.3,48.2,51.9,52.9,52.8,52.1,50.5,53.3,53.4,46.4,46.8,48.1,50.4,46.5,46.4,52.8,52.2,48.4,52.6,50.1,51.3,47,49,48.1,45.7,48.7,49.7,47,47.2,48.2,47.9,48.8,48.1,55.6,46.6,52.6,48.9,50.4,11. Jun,06. Sep,1,1,2,50,36.8
42,BWA,44,Botswana,"25,09",4,48,"25,29",Afrique,Botswana,4,,17,0.412605179439146,0.4583054293725179,0.349238247803104,0.39241468606466495,0.46430330888883203,0.412605179439146,0.412605179439146,7344,9759,,,25,,63,10.090.000.000.000.000,99,27. Feb,33.56,23. Jun,0.39,48.9,46.7,47.7,48,46.8,514,49.56,52.11,50.27,48.61,48.19,96.26,95.89,97.51,100.11,97.07,,,,,,,,0,3,2,2,2,2,2,3,1,,,,,,0.565,,,,,,,,,,,,,,,,,,,,,,,,,,,,,,,,,,,48.9,51.5,52.7,50.2,49,51.1,45.6,49,50.9,46.1,50,48.2,47.6,48.6,46.8,51.6,48.4,45,47.2,47.7,43.8,52.8,49.3,47.5,44.7,49.6,44.1,46.2,49.3,50.3,,,,,,,02. Apr,2,2,4,75,9
43,TON,45,Tonga,"25,41",6,51,"25,68",Asie-Pacifique,Tonga,3,,,,,-0.7165934346171411,-0.6662035903671729,-0.44644258961220207,-0.72,-0.6662035903671729,,6555,,,,,,,102.8,,,,,,,,,,,,,,,,,,,,,,,,,,,,0,0,2,1,0,0,0,,2,,,,,,,,,,,,,,,,,,,,,,,,,,,,,,,,,,,,,,,,,,,,,,,,,,,,,,,,,,,,,,,,,,,,,,,,,,,,,,5,2,7,20,
44,CHL,46,Chile,"25,65",-8,38,"22,69",Amériques,Chile,6,,9,-0.44528229682921,-0.367277290886997,-0.329769102877834,-0.224118639807965,0.0693231860402069,-0.44528229682921,-0.44528229682921,12505,11468,12700,1.337,33,30,54.9,0.998,97.9,,,,,50,51.7,51.8,50.8,52.2,496,47.55,47.02,49.72,51.39,54.69,99.25,106.49,101.39,97.82,101.92,23,Apr 15,,1,,,,0,0,0,1,3,0,2,1,2,,52.7,51.3,9,11. Mar,0.8540000000000001,,02. Apr,,,,,,,,,,,,,,,,,,,,,,,,,,,,,,,,,51.4,48.7,49.9,47.4,49.2,50.6,49.5,50.7,51.6,50.4,49.1,54.9,52.8,50.3,51.6,49.1,51.8,50.2,53.2,49.6,51.7,51,47.8,52.6,54.1,49.9,52.8,53.6,52.6,50.4,,,,,,,May 27,1,1,2,90,23
45,ROU,47,Romania,"25,67",-3,44,"23,65",UE Balkans,Romania,1,,11,-0.181041945671221,-0.209547586376646,-0.31861476794606003,-0.37084590336295004,-0.42616737877671995,-0.181041945671221,-0.181041945671221,9884,8165,8800,1.985,45,46,32,0.991,95,32.16,48.64,19.48,0.98,,,,,,,50.33,45.31,48.1,48.03,53.13,,,,,,30,5,,1,,,,0,0,0,2,3,2,0,3,1,,29. Jul,17. Feb,24. Feb,03. Sep,0.792,04. Jul,03. Jan,,,,,,,,,,,,,,,,,,,,,,,,,,,,,,,,,,,,,,,,,,,,,,,,,,,,,,,,,,,,,,,,,,,,,Mar 69,2,2,4,35,20. May
46,USA,48,United States of America,"25,69",-3,45,"23,73",Amériques,United States ,5,44.53,5,-0.8927856874672091,-0.7311779148123578,-0.833210417345583,-0.640005067151236,-0.5780320245283299,-0.8927856874672091,-0.8927856874672091,39901,39319,43500,1.517,41,38,45,0.996,97.1,37.05,48.03,29.24,0.73,48.1,52.2,50.4,49.1,48.8,504,50,50,50,50,50,102.2,100.4,98.1,99.1,98.8,91,Sep 55,Apr 25,0,,,,0,0,0,0,1,1,0,1,2,1,61.1,32,8,16. Apr,0.9440000000000001,07. Apr,02. Jan,12. Feb,11. Aug,50,50,50,50,50,50,50,50,50,50,50,50,50,50,50,50,50,50,50,50,50,50,50,50,50,50,50,50,50,50,49.1,50.1,48.5,47.9,50,48.4,51.3,51.2,51.8,48.9,54.2,50.7,51.4,48.8,51.5,49.2,51.3,52.5,50.7,49.7,51.3,49.6,50.7,48,51,49.4,48.5,49.5,50.8,49,50,50,50,50,50,10,Jul 56,1,1,2,90,34.4
47,SEN,49,Senegal,"25,81",1,50,"25,61",Afrique,Senegal,4,,20,0.7156228682471469,0.7992003292815191,0.6901331477121049,0.7820088573892379,0.7566754634327779,0.7156228682471469,0.7156228682471469,,1558,,,,,41.3,,98.6,,,,,,,,,,,,,,,,,,,,,,,,,,,,1,3,3,2,2,3,2,3,1,,,,,,,,,,,,,,,,,,,,,,,,,,,,,,,,,,,,,,,,,,,,,,,,,,,,,,,,,,,,,,,,,,,,,,,,,,,,,Mar 64,2,3,5,50,09. Mar
48,GUY,51,Guyana,"26,63",4,55,"26,25",Amériques,Guyana,6,,,,0.6785596946384088,,0.6441338463685411,0.5958212839086321,0.68,0.6441338463685411,,4331,,,,,43.2,,103.1,,,,,,,,,,,,,,,,,,,,,,,,,,,,2,3,2,,1,3,1,3,2,,,,,,,,,,,,,,,,,,,,,,,,,,,,,,,,,,,,,,,,,,,,,,,,,,,,,,,,,,,,,,,,,,,,,,,,,,,,,May 38,2,3,5,40,21. Jan
49,FJI,52,Fiji,"27,18",5,57,"26,55",Asie-Pacifique,Fiji,3,,12,-0.0746614639584216,-0.229410234992133,-0.19893672601916002,-0.39354607320922097,-0.29049653159598,-0.0746614639584216,-0.0746614639584216,6240,5783,,,18,,,1.003,103,38.58,54.3,25.26,0.87,,,,,,,49.68,49.27,46,48.03,47.21,,,,,,,,,,,,,0,0,2,3,0,1,0,3,3,Jan 77,,,,,0.752,,,,,,,,,,,,,,,,,,,,,,,,,,,,,,,,,,,,,,,,,,,,,,,,,,,,,,,,,,,,,,,,,,,,,,,,6,4,10,30,26. Jul
50,BLZ,53,Belize,"27,5",-6,47,"24,55",Amériques,Belize,5,,,,,,0.28066611295603194,0.17177559492737196,0.28,0.28066611295603194,,6738,,,,,,,101.7,,,,,,,,,,,,,,,,,,,,,,,,,,,,2,0,1,,3,3,0,,2,,,,,,,,,,,,,,,,,,,,,,,,,,,,,,,,,,,,,,,,,,,,,,,,,,,,,,,,,,,,,,,,,,,,,,,,,,,,,,1,2,3,50,13. Aug
51,MDG,54,Madagascar,"27,76",0,54,"26,2",Afrique,Madagascar,4,,19,0.626309340743352,0.5591819202973629,0.589655429270335,0.507702104264488,0.43665091812057005,0.626309340743352,0.626309340743352,,817,,,,,47.5,,99.2,,,,,,,,,,,,,,,,,,,,,,,,,,,,0,3,2,3,2,3,0,3,3,,,,,,,,,,,,,,,,,,,,,,,,,,,,,,,,,,,,,,,,,,,,,,,,,,,,,,,,,,,,,,,,,,,,,,,,,,,,,Feb 77,3,3,6,50,12. Mar
52,DOM,55,Dominican Republic,"27,9",4,59,"26,79",Amériques,Dominican Republic,5,,,,0.00165131619694227,,-0.129475728993136,-0.144568842011936,0,-0.129475728993136,,7173,,,,,49.9,,101.2,,,,,,,,,,,,,,,,,,,,,,,,,,,,0,2,0,,2,2,0,3,2,,,50.8,,,,,,,,,,,,,,,,,,,,,,,,,,,,,,,,,,,,,,,,,,,,,,,,,,,,,,,,,,,,,,,,,,,,,,,,,,May 99,2,2,4,30,19. Jan
53,COM,56,Comoros,"27,91",-7,49,"25,3",Afrique,Comoros,4,,,,,-0.0726647015292435,-0.249235188077888,-0.44644258961220207,-0.07,-0.249235188077888,,1696,,,,,,,100.7,,,,,,,,,,,,,,,,,,,,,,,,,,,,0,0,2,3,0,3,0,,2,,,,,,,,,,,,,,,,,,,,,,,,,,,,,,,,,,,,,,,,,,,,,,,,,,,,,,,,,,,,,,,,,,,,,,,,,,,,,,3,4,7,30,0
54,ARG,57,Argentina,"28,3",-5,52,"26,05",Amériques,Argentina,6,51.04,12,-0.12368573373280499,-0.145021847945927,0.0320270306056215,0.0298875806961141,0.20350939796024398,-0.12368573373280499,-0.12368573373280499,13331,12301,15000,1.168,34,34,49,1.001,96.2,40.74,55.52,30. Jan,0.9,51.3,52.3,46.1,50.6,50,497,49.1,42.75,48.18,55.05,50.83,101.4,96.93,106.35,93.35,98.18,46,04. Aug,May 51,1,,,,2,0,1,2,1,1,2,1,2,,36.3,30. Mar,04. May,8,0.863,06. Aug,02. May,,,,,,,,,,,,,,,,,,,,,,,,,,,,,,,,,52,49.2,51.8,48.2,51.6,52.1,47,51.6,48.6,51.4,49.5,53.2,50.7,45.9,47.4,47.5,46.8,48.8,49.4,51.2,51.3,48.9,54.3,51.5,50.6,47.6,51.1,52.6,52,48,,,,,,,Jun 75,2,2,4,20,26. Jan
55,MUS,58,Mauritius,"28,46",-2,56,"26,45",Afrique,Mauritius,4,,15,,,0.102297167389908,0.11019630844958501,-0.0271058436634839,0.1,0.11019630844958501,,11974,,,,,39,,98.6,,,,,,,,,,,,,,,,,,,,,,,,,,,,0,3,2,2,0,3,0,,2,,,,,,,,,,,,,,,,,,,,,,,,,,,,,,,,,,,,,,,,,,,,,,,,,,,,,,,,,,,,,,,,,,,,,,,,,,,,,Feb 71,1,2,3,60,25. May
56,POL,59,Poland,"28,89",-1,58,"26,59",UE Balkans,Poland,1,36.96,5,-0.87407402752855,-0.849667987923754,-0.812159799914591,-0.775422293564259,-0.736018788676858,-0.87407402752855,-0.87407402752855,12647,12955,14100,2.102,52,52,34.9,0.991,93.6,34.21,44.29,26. Sep,0.68,50.7,49.2,48.6,48.5,49.4,515,49.12,46.74,46.15,51.8,49.06,98.32,97.66,102.5,95.24,95.55,60,5,May 52,1,0.3,19,0.0157894736842105,0,0,0,1,2,1,0,1,0,,22. Feb,41.2,17. Feb,08. Jun,0.858,05. Sep,02. Aug,,,,,,,,,,,,,,,,,,,,,,,,,,,,,,,,,50,49.3,51.4,52.2,52.4,50.5,49.8,49.3,49.5,50.4,47.8,48.1,49.4,48.1,49.2,50.3,49.8,48,49.7,49.3,47.6,48.5,49,46.8,48.3,51.5,48.4,49.9,48.5,47.9,,,,,,,05. Jul,1,1,2,50,20. Aug
57,GEO,60,Georgia,"28,98",1,61,"27,34",EEAC,Georgia,1,,14,0.10336200025643302,0.11040685279196599,0.14439770128303303,0.158311204327442,0.029028201527348998,0.10336200025643302,0.10336200025643302,3270,2878,3800,1.824,,42,40.8,0.9279999999999999,89.5,,,,,,,,,,,,,,,,,,,,,,,Jun 19,,,,,2,0,0,2,3,3,0,2,2,,,22. Sep,,,,,,,,,,,,,,,,,,,,,,,,,,,,,,,,,,,,,,,,,,,,,,,,,,,,,,,,,,,,,,,,,,,,,,,,,,,3,3,6,35,13. Jul
58,ARM,61,Armenia,"28,98",19,80,"29,99",EEAC,Armenia,1,,14,0.0950089219070121,0.10100963964886699,0.135000488139934,0.14757153216389998,0.178652962671273,0.0950089219070121,0.0950089219070121,,4316,,,,,37,,87.6,,,,,,,,,,,,,,,,,,,,,,,,,,,,3,0,0,2,3,2,0,2,2,,,18,,,,,,,,,,,,,,,,,,,,,,,,,,,,,,,,,,,,,,,,,,,,,,,,,,,,,,,,,,,,,,,,,,,,,,,,,,,5,4,9,35,16. Feb
59,HTI,62,Haiti,29,-2,60,"26,82",Amériques,Haiti,5,,,,0.108711861246959,,-0.007120820364544809,-0.0018214486119132699,0.11,-0.007120820364544809,,1782,,,,,59.2,,97.5,,,,,,,,,,,,,,,,,,,,,,,,,,,,0,2,1,,2,2,0,3,2,,,,,,,,,,,,,,,,,,,,,,,,,,,,,,,,,,,,,,,,,,,,,,,,,,,,,,,,,,,,,,,,,,,,,,,,,,,,,May 28,4,5,9,10,02. Sep
60,BIH,63,Bosnia and Herzegovina,"29,02",-1,62,"27,37",UE Balkans,Bosnia & Herzo.,1,,13,0.00361215949381756,-0.00181171806597687,0.0321791304250904,0.0300614090612214,-0.120596559616575,0.00361215949381756,0.00361215949381756,,6148,,,,,56.2,,92.7,,,,,,,,,,,,,,,,,,,,,,,,,,,,1,0,0,2,3,3,0,2,2,,,42.2,,,,,,,,,,,,,,,,,,,,,,,,,,,,,,,,,,,,,,,,,,,,,,,,,,,,,,,,,,,,,,,,,,,,,,,,,,,3,3,6,10,26. Jan
61,HRV,64,Croatia,"29,03",5,69,"28,94",UE Balkans,Croatia,1,,9,-0.44103991817345894,-0.362504614899276,-0.468054456950596,-0.38215904446255,-0.439366043392919,-0.44103991817345894,-0.44103991817345894,11406,12187,13200,1.901,46,45,29,0.9890000000000001,92.8,42.98,57.35,32.15,0.95,49.3,50.9,49.1,48.4,50.3,514,51.7,45.2,46.02,46.16,48,102.6,97.1,95.46,93.6,96.32,33,,,1,,,,0,0,1,1,3,2,0,2,0,,63.6,21. Mar,19. May,05. Sep,0.841,05. Sep,02. May,,,50.5,52.2,52.1,51.8,46.7,50.5,43,49.6,45.3,51.7,44.7,48,48.9,53.2,47.7,44.5,49.7,44.9,45.5,46.2,47.6,47,48.5,50.6,47.6,50.2,51.5,54.6,48.5,51.8,48.8,51,49,47.9,51.5,48.5,47.4,50.5,50.2,51.2,48.7,51.4,50.4,48.4,50.6,48.6,49.5,50.9,50.2,49.1,50.7,47.8,50.5,48.5,50.6,50.5,49.5,52.4,49.7,48.3,52.8,45.1,49,47.5,53.2,10. Aug,,2,2,4,30,28. Jul
62,GRC,65,Greece,"29,08",9,74,"29,19",UE Balkans,Greece,1,,14,0.0759491476319543,0.07956739358942701,0.256616272140976,0.286560999593662,0.178652962671273,0.0759491476319543,0.0759491476319543,21437,22790,23500,1.913,38,39,33,0.998,98.1,32.38,43.43,24.32,Jan 18,,,,,,,48.6,52.42,47.45,53.19,51.53,,,,,,35,May 25,May 27,1,04. Apr,28,0.157142857142857,3,0,0,2,3,3,0,1,2,,58.3,10. Aug,14. Apr,03. Mar,0.912,,02. Apr,,,,,,,,,,,,,,,,,,,,,,,,,,,,,,,,,,,,,,,,,,,,,,,,,,,,,,,,,,,,,,,,,,,,,Jun 68,1,2,3,50,36.1
63,NER,66,Niger,"29,26",-3,63,"27,4",Afrique,Niger,4,,18,0.5095012930417671,0.567313557175466,0.45824637560605197,0.516995403553749,0.609647479292763,0.5095012930417671,0.5095012930417671,,832,,,,,50.5,,100.1,,,,,,,,,,,,,,,,,,,,,,,,,,,,2,3,2,2,1,2,2,3,1,,,,,,,,,,,,,,,,,,,,,,,,,,,,,,,,,,,,,,,,,,,,,,,,,,,,,,,,,,,,,,,,,,,,,,,,,,,,,02. Feb,3,3,6,30,07. Jun
64,JPN,67,Japan,"29,36",0,67,"28,64",Asie-Pacifique,Japan,2,80.25,17,0.42502047808715604,0.332731949809142,0.36320545878211496,0.248902137992236,0.296872002804331,0.42502047808715604,0.42502047808715604,30039,29619,33100,2.532,36,36,38.1,1.014,95.3,24. Jan,32.47,20.72,0.63,50.7,49.4,51.2,48.8,49.5,486,46.73,42.21,37.82,57.87,41.53,96.13,92.73,108.57,91.01,87.32,46,04. Mar,Apr 63,1,02. Jan,13,0.16153846153846202,0,2,2,3,2,2,0,3,3,Jan 42,81.8,06. May,,01. Jul,0.943,06. Feb,02. Jan,Jan 43,5,56,52.4,56.7,53.5,52.3,62.6,41.3,47.2,45.3,45.4,44.5,46,52.2,52.6,48.4,51.2,49.2,43.9,47.9,49.7,35.9,51.2,46.4,44.7,34.9,45.6,43.2,45.9,39.8,48,50.7,50.1,51.1,48.9,50.4,52.9,49.6,49.9,51.1,52.5,50,50.2,49.8,52.6,51.8,52.4,49.5,46.1,50.4,51.5,44.4,52.3,46.6,46.6,48,48.6,48.9,50.6,48.9,47.9,55.3,41.7,51.7,47.7,42.6,09. Jul,May 57,1,2,3,70,24. Apr
65,MWI,68,Malawi,"29,36",-4,64,"27,43",Afrique,Malawi,4,,20,0.730691733266121,0.6766121118854781,0.70708562085845,0.6419080375080479,0.5932245069047231,0.730691733266121,0.730691733266121,,555,,,,,39,,98.4,,,,,,,,,,,,,,,,,,,,,,,,,,,,0,3,3,3,2,3,1,3,2,,,,,,,,,,,,,,,,,,,,,,,,,,,,,,,,,,,,,,,,,,,,,,,,,,,,,,,,,,,,,,,,,,,,,,,,,,,,,May 17,4,3,7,50,20. Aug
66,SYC,69,Seychelles,"29,41",16,85,"30,17",Afrique,Seychelles,4,,,,,-0.54328602568383,-0.627613055063259,-0.8878834344284681,-0.54,-0.627613055063259,,17046,,,,,,,,,,,,,,,,,,,,,,,,,,,,,,,,,,,0,0,0,2,0,3,0,,1,,,,,,,,,,,,,,,,,,,,,,,,,,,,,,,,,,,,,,,,,,,,,,,,,,,,,,,,,,,,,,,,,,,,,,,,,,,,,,3,3,6,50,
67,MNG,70,Mongolia,"29,51",1,71,"29,05",Asie-Pacifique,Mongolia,2,,,,-0.5635519278027901,,-0.775422293564259,-0.736018788676858,-0.56,-0.775422293564259,,1836,2900,,,,32.8,,98.1,,,,,,,,,,,,,,,,,,,,,,,,,,,,0,0,0,,2,1,0,3,0,,,,,,,,,,,,,,,,,,,,,,,,,,,,,,,,,,,,,,,,,,,,,,,,,,,,,,,,,,,,,,,,,,,,,,,,,,,,,01. Jan,2,2,4,30,18. Mar
68,CIV,71,Ivory Coast,"29,52",11,82,"30,08",Afrique,Ivory Coast,4,,23,105.680.457.856.254,104.348.906.284.395,10.739.625.718.169.200,106.119.598.146.059,108.239.377.484.935,105.680.457.856.254,105.680.457.856.254,,1455,,,,,44.6,,104.7,,,,,,,,,,,,,,,,,,,,,,,,,,,,1,3,3,3,2,3,3,3,2,,,,,,,,,6,07. Sep,,,,,,,,,,,,,,,,,,,,,,,,,,,,,,,,,,,,,,,,,,,,,,,,,,,,,,,,,,,,,,,,,,,01. Jan,6,6,12,30,05. Jul
69,TUN,72,Tunisia,"29,61",25,97,"30,91",MENA,Tunisia,4,,21,0.81094031803864,0.9064324602969491,0.797365278727535,0.9045598642640149,0.8996516381200179,0.81094031803864,0.81094031803864,,7593,7400,,,,40,,101.4,,,,,,,,,,,,,,,,,,,,,,,,,,,,3,2,2,2,3,3,0,3,3,,,,,,,,,,,,,,,,,,,,,,,,,,,,,,,,,,,,,,,,,,,,,,,,,,,,,,,,,,,,,,,,,,,,,,,,,,,,,May 92,6,5,11,50,01. Jun
70,HKG,73,Hong Kong,"29,65",-3,70,"29,04",Asie-Pacifique,Hong Kong,2,,16,0.269259341118489,0.43658205180416493,0.187974179692364,0.36758796884369,0.435338805464361,0.269259341118489,0.269259341118489,,30537,36500,3.826,22,22,53.3,0.948,91.7,22. Sep,29.88,19.21,0.63,50.5,46.2,47.3,46.9,49.6,522,46.91,42.69,41.53,52.41,41.64,93.11,88.94,102.91,89.59,91.13,25,Apr 75,May 32,1,,,,1,2,3,1,1,2,0,3,3,Jan 93,,,,,0.9159999999999999,,,,,53.1,48.4,52.8,55.2,46,59.2,45,43.7,43.9,45.5,36.5,40.1,45.6,52.1,43.6,47,46.6,47.4,48.6,55.4,40.7,57.4,48.1,52.4,40.3,48.6,48.6,48.7,48.7,53.4,50.4,52.9,51.1,49.8,48.6,53,48.6,47.6,48.8,47.9,47.5,45.2,47.6,47.6,47.6,48,48,46.9,47.4,46,44.9,47.8,45.7,48.7,46.1,51.2,49.6,48.5,49.1,50.3,53.3,37.6,49.2,54.6,49.2,09. Jul,May 57,,,,90,
71,CTU,74,Northern Cyprus,"29,67",3,77,"29,59",UE Balkans,Cyprus,1,,10,-0.344739191335406,-0.393706987748854,-0.216658109197305,-0.254324007650087,-0.4523795457797679,-0.344739191335406,-0.344739191335406,15602,22766,,,35,,29,10.270.000.000.000.000,94.8,,,,,,,,,,,49.1,51.16,48.49,51.44,49.36,,,,,,,,,,,,,0,2,0,2,0,3,0,1,2,,,,,,0.8909999999999999,,,,,,,,,,,,,,,,,,,,,,,,,,,,,,,,,,,,,,,,,,,,,,,,,,,,,,,,,,,,,,,,,,,,,,,Jul 29,1,1,2,90,34.8
72,TGO,76,Togo,"29,69",10,86,"30,23",Afrique,Togo,4,,24,116.076.861.724.002,11.604.486.063.561.200,119.092.211.532.909,11.948.640.311.887.800,12.383.398.328.655.700,116.076.861.724.002,116.076.861.724.002,,1581,,,,,,,97.9,,,,,,,,,,,,,,,,,,,,,,,,,,,,1,3,3,3,2,3,3,3,3,,,,,,,,,,,,,,,,,,,,,,,,,,,,,,,,,,,,,,,,,,,,,,,,,,,,,,,,,,,,,,,,,,,,,,,,,,,,,Feb 71,6,5,11,30,8
73,MLT,77,Malta,"29,74",-12,65,"27,44",UE Balkans,Malta,1,,9,-0.41128910696758003,-0.608116333377436,-0.291526764283501,-0.49936325979703905,-0.7382586732845451,-0.41128910696758003,-0.41128910696758003,18308,19072,20300,31.039.999.999.999.900,36,36,26,1.024,98.8,31.27,40.56,25.17,0.64,53.1,50.5,48.5,49.4,51.6,518,50.45,49.56,45.97,52.35,50.66,100.95,99.16,105.45,98.96,97.57,59,,,,,,,1,0,0,3,0,3,0,1,1,,30. May,39.9,18. Jun,31.9,0.867,8,01. Aug,,,,,,,,,,,,,,,,,,,,,,,,,,,,,,,,,53.1,52.9,52.2,51,51,51,51.3,49.3,49.3,51.1,50.6,48.8,48.7,48,51.4,49,49.3,50.7,46.4,51.1,51.5,48.2,51.7,48.5,51.3,50.1,50.9,48.9,51.3,49.8,,,,,,,Mar 69,1,1,2,90,33.7
74,LSO,78,Lesotho,"29,74",-10,68,"28,78",Afrique,Lesotho,4,,13,0.00532994141709764,0.00012078659771323799,-0.10894639497170099,-0.13122490567796902,-0.146609548144241,0.00532994141709764,0.00532994141709764,,2312,,,,,63.2,,88.5,,,,,,,,,,,,,,,,,,,,,,,,,,,,0,2,0,2,3,2,0,3,1,,,,,,,,,,,,,,,,,,,,,,,,,,,,,,,,,,,,,,,,,,,,,,,,,,,,,,,,,,,,,,,,,,,,,,,,,,,,,03. Apr,2,3,5,40,0.7
75,PAN,79,Panama,"29,78",12,91,"30,56",Amériques,Panama,6,,14,0.0938805752461389,0.0997402496553847,0.27678912820693297,0.30961569224047103,0.20555010409254898,0.0938805752461389,0.0938805752461389,8103,7081,7900,Jan 63,9,9,56.1,10.270.000.000.000.000,101.8,,,,,,,,,,,,,,,,,,,,,11,,,1,,,,2,0,1,2,0,3,2,1,3,,,,,,0.804,,,,,,,,,,,,,,,,,,,,,,,,,,,,,,,,,,,,,,,,,,,,,,,,,,,,,,,,,,,,,,,,,,,,,,,May 13,1,2,3,30,25
76,BTN,80,Bhutan,"29,81",14,94,"30,73",Asie-Pacifique,Bhutan,2,,17,0.44273318435333603,0.35265874435859396,0.38313225333156703,0.271675617477324,0.32344106220359997,0.44273318435333603,0.44273318435333603,,,,,,,,,110.9,,,,,,,,,,,,,,,,,,,,,,,,,,,,3,0,1,3,2,2,0,3,3,,,,,,,,,,,,,,,,,,,,,,,,,,,,,,,,,,,,,,,,,,,,,,,,,,,,,,,,,,,,,,,,,,,,,,,,,,,,,,6,5,11,60,0
77,SLV,81,El Salvador,"29,81",-15,66,"27,78",Amériques,El Salvador,6,,16,0.30426979246742103,0.33642811902932696,0.37041896752039394,0.41662122288442605,0.33038988984383,0.30426979246742103,0.30426979246742103,4793,5129,4900,2.525,13,14,52.4,0.91,90.5,,,,,,,,,,,,,,,,,,,,,19,,May 35,1,,,,2,0,2,2,2,3,1,2,2,,35.6,62.4,,,0.722,07. Feb,02. Jul,,,,,,,,,,,,,,,,,,,,,,,,,,,,,,,,,,,,,,,,,,,,,,,,,,,,,,,,,,,,,,,,,,,,,Feb 83,2,3,5,50,09. Feb
78,ALB,82,Albania,"29,84",-7,75,"29,49",UE Balkans,Albania,1,,11,-0.250440430424282,-0.148080191181453,-0.11057200317229099,0.0263923312840849,-0.12487715035656698,-0.250440430424282,-0.250440430424282,5420,4426,5600,2.119,,41,26. Jul,01. May,98,,,,,,,,,,,,,,,,,,,,,,,May 74,,,,,2,0,0,1,2,3,0,1,2,,,56,,,,,,,,,,,,,,,,,,,,,,,,,,,,,,,,,,,,,,,,,,,,,,,,,,,,,,,,,,,,,,,,,,,,,,,,,,02. Mar,3,3,6,30,25
79,KGZ,83,Kyrgyzstan,"29,92",15,98,31,EEAC,Kyrgyzstan,2,,,,-0.21749900208586398,,-0.379933235602057,-0.43676926638901004,-0.22,-0.379933235602057,,1911,2000,,,,30. Mar,,97.3,,,,,,,,,,,,,,,,,,,,,,,,,,,,2,0,0,,2,2,0,3,0,,,37.4,,,,,,,,,,,,,,,,,,,,,,,,,,,,,,,,,,,,,,,,,,,,,,,,,,,,,,,,,,,,,,,,,,,,,,,,,,,5,4,9,25,10. Jan
80,TLS,84,East Timor,"29,93",11,95,"30,81",Asie-Pacifique,East Timor (-Leste),3,,15,0.236709303199,0.12088187805996699,0.15135538703294,0.006787770278892971,-0.147749138195958,0.236709303199,0.236709303199,,,,,,,38,,103.7,,,,,,,,,,,,,,,,,,,,,,,,,,,,0,0,3,3,0,3,0,3,3,,,,,,,,,,,,,,,,,,,,,,,,,,,,,,,,,,,,,,,,,,,,,,,,,,,,,,,,,,,,,,,,,,,,,,,,,,,,,,3,4,7,20,
81,PER,85,Peru,"30,22",3,88,"30,27",Amériques,Peru,6,,15,0.232749549638398,0.25596784584667603,0.146900664277261,0.161171733463703,0.19451986418770897,0.232749549638398,0.232749549638398,5671,5564,6400,Jan 35,12,10,49.8,1.013,100.6,34.59,51.68,21.23,1,48.5,50.1,48.9,48.5,48.7,501,48.35,43.64,47.36,53.39,51.29,98.45,100.19,101.89,92.14,96.06,16,02. Aug,,1,,,,3,0,0,2,2,2,1,3,2,,38.6,56.2,11. Feb,16. Jun,0.762,,02. Jul,,,53.5,47.7,51.5,49.5,48.9,52.8,45,48.7,49.6,46.7,45.8,48.7,50.6,52.3,45.4,47,49.6,45.4,45.5,48.1,45.4,49.6,46,51.9,47.8,46.5,49.4,53.1,44.8,50.9,49.5,47.6,48.7,50.3,51.1,50.4,48.2,49,50.8,49.4,51,50.5,50.5,48.5,47.3,50.2,50.1,47.9,48.2,48.9,50,49.8,46.4,49.2,49.4,48.3,48.6,50.5,49.3,49.1,50.8,45.5,50,48.6,49,09. Aug,May 46,2,3,5,40,18. Sep
82,SLE,86,Sierra Leone,"30,36",-7,79,"29,98",Afrique,Sierra Leone,4,,22,0.943623076295639,0.916159872793685,0.9466333817666569,0.915676907117428,0.912621521449,0.943623076295639,0.943623076295639,,754,,,,,62.9,,94.4,,,,,,,,,,,,,,,,,,,,,,,,,,,,1,3,3,3,2,3,2,3,2,,,,,,,,,,,,,,,,,,,,,,,,,,,,,,,,,,,,,,,,,,,,,,,,,,,,,,,,,,,,,,,,,,,,,,,,,,,,,Feb 94,4,3,7,10,0
83,HUN,87,Hungary,"30,44",-14,73,"29,11",UE Balkans,Hungary,1,41.71,4,-0.99811019689956,-0.849667987923754,-0.9517004904569781,-0.775422293564259,-0.736018788676858,-0.99811019689956,-0.99811019689956,15826,16746,17300,2.033,48,47,28,0.972,90.4,,,,,,,,,,,,,,,,,,,,,80,6,May 25,0,3,18,0.166666666666667,0,0,0,0,2,1,0,1,0,,71,34.8,18. Jun,01. Feb,0.862,05. May,02. Jul,,,49.8,50.6,53.7,51.1,50.4,53.9,46.2,50.2,47.4,51,48.6,49.1,53.3,56.4,53.4,48.9,52.6,49,45.6,47,48.4,47.2,49.3,47,42.5,51.8,51.2,50.3,45.8,49.5,,,,,,,,,,,,,,,,,,,,,,,,,,,,,,,53.8,47.1,53.7,47.9,50,12. Mar,Apr 93,1,1,2,70,25. Apr
84,ISR,88,Israel,"30,8",-1,87,"30,26",MENA,Israel,1,49.26,18,0.5206043922728399,0.579804543810424,0.4707373622410089,0.531270816850843,0.464147749471318,0.5206043922728399,0.5206043922728399,22731,26079,26200,02. May,32,32,38.6,1.015,98,40.95,53.99,31.71,0.83,,,,,,,48.65,49.44,52.4,49.27,50.95,,,,,,54,,04. Jul,1,03. Sep,27,0.144444444444444,3,0,2,2,3,3,0,3,2,,68.6,16. Mar,,,0.915,06. Jul,02. Apr,,,,,,,,,,,,,,,,,,,,,,,,,,,,,,,,,,,,,,,,,,,,,,,,,,,,,,,,,,,,,,,,,,,,,May 23,1,2,3,70,26. Apr
85,GNB,89,Guinea Bissau,"30,95",-6,83,"30,09",Afrique,Guinea-Bissau,4,,23,105.680.457.856.254,104.348.906.284.395,10.739.625.718.169.200,106.119.598.146.059,108.239.377.484.935,105.680.457.856.254,105.680.457.856.254,,782,,,,,,,98.1,,,,,,,,,,,,,,,,,,,,,,,,,,,,1,3,3,3,2,3,3,3,2,,,,,,,,,,,,,,,,,,,,,,,,,,,,,,,,,,,,,,,,,,,,,,,,,,,,,,,,,,,,,,,,,,,,,,,,,,,,,,4,4,8,20,10. May
86,SRB,90,Republic of Serbia,"31,18",-14,76,"29,58",UE Balkans,Serbia,1,,11,-0.22860224646953894,-0.123512234232367,-0.22906207628368602,-0.109024895128938,-0.282863914505094,-0.22860224646953894,-0.22860224646953894,4272,,4400,02. Jun,45,44,30,,97.8,38.72,48.99,31.89,0.71,49.3,49.3,51.6,48.4,51.7,528,51.95,47.64,47.53,50.17,52.44,101.25,104.04,99.47,96.04,99.23,25,,,,,,,2,0,0,1,3,3,0,2,0,,60.8,39,6,03. Feb,,05. Jan,02. Jul,,,49.7,49.6,48.8,47.1,50.5,49.3,47.6,52.5,46.9,51.2,47.1,49,53.5,59.1,54.5,51.2,53.9,48.4,47.1,49.5,48.9,46.4,46,49.5,46.9,50.3,51.3,54.2,47.7,51,48.8,50.8,47.5,48.2,52.2,47.7,48.9,49.9,47.9,49.9,49.7,48.4,51,51.5,52.8,48.5,50.6,51.9,50.1,49.3,49.9,47.5,46.3,49.8,52.8,50.1,51.9,52.2,51.6,50.3,51.1,47.6,56,48,51.7,10. Jul,Mar 71,3,2,5,40,22. Aug
87,MDA,91,Moldova,"31,21",-10,81,"30,01",EEAC,Moldova,1,,10,-0.3113311630744,-0.495663646497609,-0.179074077403673,-0.37084590336295004,-0.42616737877671995,-0.3113311630744,-0.3113311630744,,1649,,,,,33.2,,90.8,,,,,,,,,,,,,,,,,,,,,,,,,,,,0,0,0,3,3,2,0,1,1,,,40.3,,,,,,,,,,,,,,,,,,,,,,,,,,,,,,,,,,,,,,,,,,,,,,,,,,,,,,,,,,,,,,,,,,,,,,,,,,,3,4,7,40,10. Mar
88,GMB,92,Gambia,"31,35",30,122,"38,36",Afrique,Gambia,4,,22,0.943623076295639,0.916159872793685,0.9466333817666569,0.915676907117428,0.912621521449,0.943623076295639,0.943623076295639,,1826,,,,,50.2,,98.3,,,,,,,,,,,,,,,,,,,,,,,,,,,,1,3,3,3,2,3,2,3,2,,,,,,,,,,,,,,,,,,,,,,,,,,,,,,,,,,,,,,,,,,,,,,,,,,,,,,,,,,,,,,,,,,,,,,,,,,,,,0,4,4,8,30,10. May
89,LBR,93,Liberia,"31,49",-4,89,"30,33",Afrique,Liberia,4,,20,0.7264009633804691,0.8113256863065059,0.7022585047370911,0.7958664082749369,0.77284260613276,0.7264009633804691,0.7264009633804691,,,,,,,,,98.4,,,,,,,,,,,,,,,,,,,,,,,,,,,,1,2,3,2,2,3,2,3,2,,,,,,,,,,,,,,,,,,,,,,,,,,,,,,,,,,,,,,,,,,,,,,,,,,,,,,,,,,,,,,,,,,,,,,,,,,,,,0.69,3,4,7,25,05. Feb
90,MRT,94,Mauritania,"31,65",-22,72,"29,09",Afrique,Mauritania,4,,16,0.30598757439070096,0.338360623693017,0.229293442123603,0.255334908145235,0.30437690131616396,0.30598757439070096,0.30598757439070096,,2109,1800,,,,39,,102.6,,,,,,,,,,,,,,,,,,,,,,,,,,,,1,2,2,2,2,2,1,3,1,,,,,,,,,,,,,,,,,,,,,,,,,,,,,,,,,,,,,,,,,,,,,,,,,,,,,,,,,,,,,,,,,,,,,,,,,,,,,02. Feb,5,4,9,25,04. Feb
91,MKD,95,Macedonia,"31,66",14,109,"32,43",UE Balkans,Macedonia,1,,11,-0.247586703264287,-0.144869748126458,-0.107361560117296,0.0300614090612214,-0.120596559616575,-0.247586703264287,-0.247586703264287,,6617,,,,,39,,99.9,,,,,,,,,,,,,,,,,,,,,,,,,,,,1,0,0,1,3,3,0,1,2,,,14. Jul,,,,,,,,,,,,,,,,,,,,,,,,,,,,,,,,,,,,,,,,,,,,,,,,,,,,,,,,,,,,,,,,,,,,,,,,,,,3,3,6,30,20
92,BEN,96,Benin,"31,74",-12,84,"30,16",Afrique,Benin,4,,22,0.9338560830903109,0.9051720054376909,10.787.035.444.711.500,106.661.423.592.256,108.871.507.172.165,0.9338560830903109,0.9338560830903109,,1015,,,,,36.5,,101.1,,,,,,,,,,,,,,,,,,,,,,,,,,,,0,3,3,3,2,3,3,2,3,,,,,,,,,,,,,,,,,,,,,,,,,,,,,,,,,,,,,,,,,,,,,,,,,,,,,,,,,,,,,,,,,,,,,,,,,,,,,Mar 69,2,2,4,30,07. Feb
93,ECU,97,Ecuador,"31,88",-5,92,"30,56",Amériques,Ecuador,6,,16,0.341346140076032,0.37813901008901396,0.2690718285196,0.300795921169232,0.35741474984416,0.341346140076032,0.341346140076032,4620,3840,4500,1.696,2,2,46,0.993,100.6,,,,,,,,,,,,,,,,,,,,,8,,May 81,1,,,,2,0,1,2,2,2,2,3,2,,,,,,0.759,,,,,,,,,,,,,,,,,,,,,,,,,,,,,,,,,,,,,,,,,,,,,,,,,,,,,,,,,,,,,,,,,,,,,,,May 16,3,3,6,25,14. Feb
94,MDV,98,Maldives,"32,16",22,120,"37,95",Asie-Pacifique,Maldives,2,,,,,,,-0.901082099044668,-0.9,-0.9,,,,,,,,,102.5,,,,,,,,,,,,,,,,,,,,,,,,,,,,0,0,1,,0,,0,,0,,,,,,,,,,,,,,,,,,,,,,,,,,,,,,,,,,,,,,,,,,,,,,,,,,,,,,,,,,,,,,,,,,,,,,,,,,,,,Feb 83,6,5,11,30,3
95,PRY,99,Paraguay,"32,4",8,107,"32,32",Amériques,Paraguay,6,,,,0.12480999192352099,,0.174771934763505,0.210386765704145,0.12,0.174771934763505,,4433,,,,,56.8,,102.3,,,,,,,,,,,,,,,,,,,,,,,,,,,,3,0,0,,1,2,2,2,2,,,,,,,,,,,,,,,,,,,,,,,,,,,,,,,,,,,,,,,,,,,,,,,,,,,,,,,,,,,,,,,,,,,,,,,,,,,,,Apr 49,3,3,6,30,11
96,KEN,100,Kenya,"32,44",-4,96,"30,82",Afrique,Kenya,4,,22,0.9473332463541,0.9203338141094541,0.9508073230824259,0.920447125764021,0.9181867765366909,0.9473332463541,0.9473332463541,1586,1019,1200,18.119.999.999.999.900,2,1,42.5,1.004,99.7,,,,,,,,,,,,,,,,,,,,,27,,,1,05. Apr,8,0.675,3,2,3,3,1,3,2,3,2,,,,,,0.474,,02. May,,,,,,,,,,,,,,,,,,,,,,,,,,,,,,,,,,,,,,,,,,,,,,,,,,,,,,,,,,,,,,,,,,,,,Jun 32,3,3,6,30,08. Apr
97,LBN,101,Lebanon,"32,44",-1,100,"31,15",MENA,Lebanon,1,,17,0.360612487669706,0.539354341674284,0.433804499622965,0.648536905907234,0.600958186703774,0.360612487669706,0.360612487669706,7336,6331,5500,25.839.999.999.999.900,34,34,,0.922,96.1,28.57,43.9,17.21,01. Jun,50,51.2,48.1,46.4,50.5,519,48.32,46.1,44.56,53.35,49.4,99.52,97.5,103.35,92.5,95.06,38,,,1,04. Jul,27,0.174074074074074,3,2,1,1,3,3,0,2,2,Jan 59,,,,,0.759,,02. Jun,,,,,,,,,,,,,,,,,,,,,,,,,,,,,,,,,50.6,52.9,48.9,48.7,50.7,49.8,49.6,52,51.8,49.8,52.6,50,48.3,49.6,49.5,50.6,49.6,47.8,44.5,48.6,49.5,46.1,46.8,47.4,48.3,50.7,49.1,49.4,50.5,50.8,,,,,,,Jul 83,4,4,8,30,29
98,UKR,102,Ukraine,"32,46",-1,101,"31,16",EEAC,Ukraine,1,,9,-0.396235427476824,-0.5911809439503349,-0.417649404916881,-0.6435034205209019,-0.582113436792941,-0.396235427476824,-0.396235427476824,6216,6453,,,51,,31,0.922,85.8,32.27,50.79,17.36,Jan 24,,,,,,,46.45,39.05,43.89,48.02,42.06,,,,,,,,,,,,,0,0,0,3,3,1,0,2,0,,31. Aug,37.4,10. May,02. Jun,0.7659999999999999,03. Jun,02. Jul,,,,,,,,,,,,,,,,,,,,,,,,,,,,,,,,,,,,,,,,,,,,,,,,,,,,,,,,,,,,,,,,,,,,,,3,2,5,30,29
99,MOZ,103,Mozambique,"32,66",-4,99,"31,12",Afrique,Mozambique,4,,21,0.827038317252835,0.7850020188705309,0.958533557903985,0.92927710841723,0.928488422965436,0.827038317252835,0.827038317252835,,1215,,,,,47.3,,93.7,,,,,,,,,,,,,,,,,,,,,,,,,,,,1,3,3,3,1,3,3,2,2,,,,,,,,,,,,,,,,,,,,,,,,,,,,,,,,,,,,,,,,,,,,,,,,,,,,,,,,,,,,,,,,,,,,,,,,,,,,,5,3,4,7,30,11. Mar
100,BRA,105,Brazil,"32,79",-3,102,"31,2",Amériques,Brazil,6,46.96,22,0.931373069844718,0.9023786155363991,107.591.015.456.985,10.634.217.903.210.700,10.849.905.518.532.500,0.931373069844718,0.931373069844718,8140,7967,8600,13.519.999.999.999.900,24,10,56.7,0.983,97.3,37.93,53.96,27.13,0.82,53.7,52.1,49,50.3,51.5,517,45.89,45.86,45.38,53.14,49.16,97.99,98.16,106.84,96.16,96.88,38,03. Sep,May 18,1,04. Feb,18,0.23333333333333303,3,3,2,3,1,3,3,2,2,01. Jun,19. Sep,48.2,02. Aug,12. Jul,0.792,7,02. Aug,5,Jun 88,,,,,,,,,,,,,,,,,,,,,,,,,,,,,,,54.6,52.1,51.2,51.1,51.8,52.2,51.1,49.9,48.8,52.1,52.9,51.9,52.6,51.2,48.5,48,48.4,48.7,49.2,49.1,51.3,50.7,51.7,50.6,51.6,50.7,51.8,51.5,50.1,49.7,,,,,,,May 59,2,2,4,50,24. May
101,NPL,106,Nepal,"33,4",0,106,"32,05",Asie-Pacifique,Nepal,2,,14,0.13686176838534,0.00855340139459895,0.0390269103675712,-0.12158763162438499,0.0267883169196617,0.13686176838534,0.13686176838534,1277,1351,1000,2.305,27,28,47.2,1.057,98.9,,,,,,,,,,,,,,,,,,,,,,3,,,,,,3,0,0,3,1,1,0,3,3,,,,,,0.526,,,,,,,,,,,,,,,,,,,,,,,,,,,,,,,,,,,,,,,,,,,,,,,,,,,,,,,,,,,,,,,,,,,,,,,May 36,5,4,9,30,11. Mar
102,GIN,107,Guinea,"33,49",-3,104,"31,9",Afrique,Guinea,4,,23,105.680.457.856.254,104.348.906.284.395,10.739.625.718.169.200,106.119.598.146.059,108.239.377.484.935,105.680.457.856.254,105.680.457.856.254,,1842,1100,,,,38.1,,102,,,,,,,,,,,,,,,,,,,,,,,,,,,,1,3,3,3,2,3,3,3,2,,,,,,,,,,,,,,,,,,,,,,,,,,,,,,,,,,,,,,,,,,,,,,,,,,,,,,,,,,,,,,,,,,,,,,,,,,,,,Feb 64,6,5,11,20,04. Sep
103,KWT,108,Kuwait,"33,86",-3,105,"31,91",MENA,Kuwait,1,,10,-0.341908592045162,-0.25098187300494196,-0.35653171505626097,-0.254704482297596,-0.290669054200473,-0.341908592045162,-0.341908592045162,17451,18540,21600,2.148,29,30,,1.771,152,,,,,51.9,52.9,47.6,51,52.6,542,,,,,,,,,,,38,,05. Aug,1,,,,1,1,0,1,2,2,0,2,1,01. Mar,,,,,0.8440000000000001,,,,,,,,,,,,,,,,,,,,,,,,,,,,,,,,,,,51.8,50.8,50,52.2,49.9,50,52.9,53.3,50.6,51.4,51.7,50.4,48.8,49.9,49,46.9,51.5,43.7,51.9,55,53.9,49,47.8,49.8,51,50.5,51.9,52.9,50.7,49.9,,,,,,,Feb 64,4,5,9,50,0.6
104,AGO,109,Angola,"34,96",12,121,"38,35",Afrique,Angola,4,,22,0.95440117142896,0.9282852298186719,0.958758738791644,0.9295344580031272,0.928788664148982,0.95440117142896,0.95440117142896,,2724,,,,,,,97.2,,,,,,,,,,,,,,,,,,,,,,,,,,,,1,2,3,3,2,3,2,3,3,,,,,,,,,,,,,,,,,,,,,,,,,,,,,,,,,,,,,,,,,,,,,,,,,,,,,,,,,,,,,,,,,,,,,,,,,,,,,Jun 28,6,5,11,20,0
105,ETH,110,Ethiopia,"35,11",40,150,"50,17",Afrique,Ethiopia,4,,20,0.7074699506867571,0.7900282970260799,0.680961115456665,0.771526534811593,0.9066004657602471,0.7074699506867571,0.7074699506867571,381,778,1000,1.835,9,8,30,0.996,98.9,26.55,37.88,18.89,0.74,48.8,47,48.5,47.5,47.2,522,47.11,51.82,54.36,46.12,47.15,94.11,95.65,94.92,99.32,101.56,27,,,1,07. May,7,107.142.857.142.857,2,2,3,2,3,2,1,3,2,,,,,,0.36700000000000005,,,,,,,,,,,,,,,,,,,,,,,,,,,,,,,,,,,47.3,50.8,51.7,51,49.3,52.3,46.9,49.4,47.1,48.1,50.9,48.2,48.6,50.3,46,51,49.8,45.8,48.9,44,45.7,50.7,48.6,45,46,50.8,44.3,47.7,47.7,51.8,,,,,,,May 57,5,5,10,30,03. May
106,BGR,111,Bulgaria,"35,11",0,111,"35,22",UE Balkans,Bulgaria,1,,10,-0.347336544026903,-0.257088318984401,-0.21958013097523899,-0.0981883862049988,-0.270221320760498,-0.347336544026903,-0.347336544026903,8269,8361,10400,1.821,43,43,30. Jul,0.9670000000000001,94.3,,,,,,,,,,,,,,,,,,,,,30,5,,1,,,,0,0,0,1,3,3,0,1,2,,42.2,18. Mar,28. Jan,02. May,0.8079999999999999,04. May,02. Jul,,,,,,,,,,,,,,,,,,,,,,,,,,,,,,,,,,,,,,,,,,,,,,,,,,,,,,,,,,,,,,,,,,,,,Feb 64,1,2,3,30,31.6
107,MLI,112,Mali,"35,23",3,115,"36,15",Afrique,Mali,4,,23,104.051.918.989.826,102.516.800.059.663,10.556.415.095.696.100,104.025.762.460.651,105.796.569.185.293,104.051.918.989.826,104.051.918.989.826,,1076,,,,,40.1,,97.5,,,,,,,,,,,,,,,,,,,,,,,,,,,,3,3,3,3,1,3,2,3,2,,,,,,,,,,,,,,,,,,,,,,,,,,,,,,,,,,,,,,,,,,,,,,,,,,,,,,,,,,,,,,,,,,,,,,,,,,,,,02. Aug,2,2,4,30,02. Feb
108,BOL,113,Bolivia,"35,38",-3,110,"32,45",Amériques,Bolivia,6,,16,0.339985669321162,0.376608480489785,0.267541298920371,0.299046744484399,0.355374043711855,0.339985669321162,0.339985669321162,2762,2743,3000,0.925,18,17,59.2,0.961,99.3,40.9,61.47,21.92,01. Feb,,,,,,,49.34,49.62,45.08,50.29,50.71,,,,,,,,May 47,,,,,2,0,1,2,3,2,2,3,1,,,,,,0.687,,02. Jun,,,,,,,,,,,,,,,,,,,,,,,,,,,,,,,,,,,,,,,,,,,,,,,,,,,,,,,,,,,,,,,,,,,,,May 94,3,3,6,20,20. Feb
109,NIC,114,Nicaragua,"35,53",-24,90,"30,41",Amériques,Nicaragua,6,,,,0.110728117011378,,0.15867836343534197,0.0294565538198989,0.11,0.15867836343534197,,3458,,,,,43.1,,98.7,,,,,,,,,,,,,,,,,,,,,,,,,,,,3,0,1,,0,3,1,2,2,,,,,,,,,,,,,,,,,,,,,,,,,,,,,,,,,,,,,,,,,,,,,,,,,,,,,,,,,,,,,,,,,,,,,,,,,,,,,Apr 39,3,3,6,25,18. Feb
110,GAB,115,Gabon,"35,6",-7,108,"32,37",Afrique,Gabon,4,,23,10.367.324.478.690.000,11.604.486.063.561.200,10.513.814.247.867,11.948.640.311.887.800,12.383.398.328.655.700,10.367.324.478.690.000,10.367.324.478.690.000,,6619,,,,,,,99.3,,,,,,,,,,,,,,,,,,,,,,,,,,,,1,3,3,2,2,3,3,3,3,,,,,,,,,,,,,,,,,,,,,,,,,,,,,,,,,,,,,,,,,,,,,,,,,,,,,,,,,,,,,,,,,,,,,,,,,,,,,03. Apr,6,4,10,40,06. Aug
111,GTM,116,Guatemala,"35,94",0,116,"36,17",Amériques,Guatamala,5,,17,0.4174512947343221,0.46375730907959106,0.49774815757065793,0.562140297227585,0.500162143244183,0.4174512947343221,0.4174512947343221,4486,4405,4900,02. Jul,15,16,55.1,0.941,95.3,,,,,,,,,,,,,,,,,,,,,6,,May 63,1,,,,2,0,2,2,2,3,2,2,2,,,,,,0.6629999999999999,,02. May,,,,,,,,,,,,,,,,,,,,,,,,,,,,,,,,,,,,,,,,,,,,,,,,,,,,,,,,,,,,,,,,,,,,,05. Jul,3,4,7,30,06. Jan
112,COG,117,Republic of the Congo,"36,04",-3,114,"35,42",Afrique,Congo Rep (Brazza.),4,,24,116.076.861.724.002,11.604.486.063.561.200,119.092.211.532.909,11.948.640.311.887.800,12.383.398.328.655.700,116.076.861.724.002,116.076.861.724.002,,1060,,,,,,,99.4,,,,,,,,,,,,,,,,,,,,,,,,,,,,1,3,3,3,2,3,3,3,3,,,,,,,,,,,,,,,,,,,,,,,,,,,,,,,,,,,,,,,,,,,,,,,,,,,,,,,,,,,,,,,,,,,,,,,,,,,,,Apr 44,6,5,11,10,0
113,TZA,118,United Republic of Tanzania,"36,28",-25,93,"30,65",Afrique,Tanzania,4,,20,0.7478335648288679,0.6958966723935689,0.726370181366541,0.66394753523158,0.618937254248844,0.7478335648288679,0.7478335648288679,732,657,800,16.480.000.000.000.000,7,6,34.6,0.97,,,,,,,,,,,,49.19,49.26,53.27,47.73,48.19,,,,,,27,,,1,,,,1,2,3,3,1,3,2,3,2,,41.8,76.1,16. May,48.4,0.418,03. Feb,03. Jun,,,,,,,,,,,,,,,,,,,,,,,,,,,,,,,,,,,,,,,,,,,,,,,,,,,,,,,,,,,,,,,,,,,,,Mar 76,4,3,7,30,04. Apr
114,ZMB,119,Zambia,"36,38",-6,113,"35,36",Afrique,Zambia,4,,19,0.6373056289329311,0.571552744510639,0.6020262534836109,0.521840189079661,0.45314535040493803,0.6373056289329311,0.6373056289329311,1013,861,1000,Jan 19,15,15,50.8,0.993,99.2,,,,,,,,,,,,,,,,,,,,,27,,May 84,1,,,,0,3,3,3,1,3,2,3,1,,,,,,0.39399999999999996,,,,,,,,,,,,,,,,,,,,,,,,,,,,,,,,,,,,,,,,,,,,,,,,,,,,,,,,,,,,,,,,,,,,,,,May 45,4,4,8,30,09. Jul
115,NGA,120,Nigeria,"36,5",-1,119,"37,41",Afrique,Nigeria,4,,24,116.076.861.724.002,11.604.486.063.561.200,119.092.211.532.909,11.948.640.311.887.800,12.383.398.328.655.700,116.076.861.724.002,116.076.861.724.002,1085,1208,1400,2.171,9,10,43.7,1.035,100.2,,,,,47.8,44.4,49.1,46.6,45.8,507,,,,,,,,,,,20,3,May 55,0,02. Jun,19,0.13684210526315801,1,3,3,3,2,3,3,3,3,,26,71.7,30. Apr,63.7,0.45299999999999996,,02. Jul,05. May,04. Sep,,,,,,,,,,,,,,,,,,,,,,,,,,,,,,,46.7,50.5,52.7,51.3,48.6,51.4,42.8,47.8,48.7,46.5,51.4,45.4,47.8,49.9,44.6,52.4,49.6,46,46.9,45.6,42.7,50.8,47.8,47.1,45,47.7,44.2,47,46.3,50.2,,,,,,,Jun 72,4,4,8,30,10. Feb
116,AFG,121,Afghanistan,"36,55",-3,118,"37,28",Asie-Pacifique,Afghanistan,1,,15,0.226310495728663,0.248723910198224,0.13965672862880998,0.15289294986547197,0.0227069046550509,0.226310495728663,0.226310495728663,,,1000,,,,,,107.5,,,,,,,,,,,,,,,,,,,,,,,,,,,,3,0,0,2,3,3,0,3,1,,,,,,,,,,,,,,,,,,,,,,,,,,,,,,,,,,,,,,,,,,,,,,,,,,,,,,,,,,,,,,,,,,,,,,,,,,,,,Mar 18,5,5,10,,0
117,TCD,122,Chad,"36,71",1,123,"38,45",Afrique,Chad,4,,23,104.337.291.705.825,102.837.844.365.163,10.588.519.526.245.900,104.392.670.238.365,106.224.628.259.292,104.337.291.705.825,104.337.291.705.825,,2093,,,,,,,98.6,,,,,,,,,,,,,,,,,,,,,,,,,,,,2,3,3,3,2,3,2,3,2,,,,,,,,,,,,,,,,,,,,,,,,,,,,,,,,,,,,,,,,,,,,,,,,,,,,,,,,,,,,,,,,,,,,,,,,,,,,,Mar 93,6,5,11,20,11. Apr
118,MYS,123,Malaysia,"36,74",22,145,"47,41",Asie-Pacifique,Malaysia,3,,18,0.504252156761531,0.5614082788602,0.452341097290786,0.510246514050588,0.439619396204353,0.504252156761531,0.504252156761531,10613,10271,12700,18.780.000.000.000.000,3,3,46.1,10.070.000.000.000.000,103.3,,,,,51.8,48.3,47.5,51.7,53,521,50.03,48.55,47.08,48.14,47.61,98.33,95.11,99.94,100.25,100.08,26,,May 51,1,05. Apr,20,0.27,0,2,3,2,2,3,0,3,3,,,,,,0.7959999999999999,,,,,52.3,46.4,53,57.6,46,51.5,45.1,45.9,46.9,45.1,38.6,47.8,42.2,49.3,43.8,52.1,49.9,34.4,51.1,54.6,46.5,57.4,53,64.6,44.9,56.3,53.2,55,44.5,56.9,50.3,49.2,50.2,56.3,48.8,49.3,49.3,50.5,50.6,49.4,49.1,49.9,46.4,47.7,47.6,48.8,50.3,45.1,49.8,53.3,46.8,52.3,51.5,53.7,49.8,53.1,52.1,53.1,48.6,54.6,54.2,42.5,46.6,58.5,54.2,08. Sep,09. Apr,4,4,8,50,13. Apr
119,IDN,124,Indonesia,"36,77",0,124,"39,68",Asie-Pacifique,Indonesia,3,,19,0.628288326132541,0.5614082788602,0.591881787833173,0.510246514050588,0.439619396204353,0.628288326132541,0.628288326132541,3840,3222,3800,2.109,6,5,39.4,1.005,99.8,,,,,50,45.4,48.9,49,49.6,515,51.25,46.38,47.19,49.73,48.01,96.65,96.91,99.73,95.38,96.79,14,02. Feb,May 68,1,06. Sep,20,0.345,0,2,3,3,2,3,0,3,3,,76.6,53.1,34.8,30. Sep,0.6970000000000001,06. Jun,02. Mar,,,48.3,45.2,49.2,49.1,45.5,52.6,46.6,48.8,46.8,46.6,45,47.6,46.5,53.9,45.8,51.2,49.6,43.1,52.2,52.1,44.8,52.3,50.7,46.3,42,52.1,49.2,54.3,45.9,56.4,49.5,49.5,50.5,50.6,46.7,53.6,46.5,47.3,48.4,47.1,49.7,46.5,46.5,50.3,48.1,51.5,49.2,46.1,49.4,48.6,46.7,49.4,49.8,47.3,45.5,51.3,48.4,50.2,47.8,52.4,48.6,43.3,49.9,51.9,50.3,08. Jan,Aug 98,2,3,5,30,13. Sep
120,UGA,125,Uganda,"39,42",-8,117,"36,77",Afrique,Uganda,4,,23,104.758.711.497.312,103.311.941.630.585,10.635.929.252.788.100,104.934.495.684.562,106.856.757.946.522,104.758.711.497.312,104.758.711.497.312,1088,1478,,,0,,45.7,1.006,100,,,,,49.4,46.5,49.5,48.3,48.2,518,,,,,,,,,,,,,,,,,,1,3,3,3,2,3,2,3,3,,31.4,71.7,18. Feb,26. Sep,0.508,05. Feb,02. Jul,04. Aug,,,,,,,,,,,,,,,,,,,,,,,,,,,,,,,,47.9,50.7,52,52.5,49,51,45.7,49.6,49.6,47.5,50.7,47.4,48.4,50.5,46.4,53,50.4,46,46,47.6,45.8,53,48.5,48.5,47.4,50.2,44.8,48.5,48.3,51.5,,,,,,,05. Mar,5,4,9,30,10
121,LKA,126,Sri Lanka,"39,61",5,131,"41,37",Asie-Pacifique,Sri Lanka,2,,19,0.638562393409458,0.5729666045467321,0.603440113519705,0.5234560291209099,0.455030497119729,0.638562393409458,0.638562393409458,,4044,4000,,,,49,,97.8,,,,,,,,,,,,,,,,,,,,,,,,,,,,3,0,3,3,1,3,0,3,3,,,,,,,,,,,,,,,,,,,,,,,,,,,,,,,,,,,,,,,,,,,,,,,,,,,,,,,,,,,,,,,,,,,,,,,,,,,,,Apr 84,4,4,8,40,23. Feb
122,ZWE,127,Zimbabwe,"42,23",-1,126,"40,53",Afrique,Zimbabwe,4,,19,0.644744267922193,0.5799212133735601,0.610394722346532,0.5314041534944269,0.46430330888883203,0.644744267922193,0.644744267922193,1588,,2000,15.030.000.000.000.000,18,20,50.1,1.006,94.1,22.66,46.67,27.34,0.8,,,,,,,48.69,49.77,51.75,48.26,48.52,,,,,,,3,May 57,,,,,0,3,2,3,2,3,2,3,1,Feb 72,,68.1,,,0.505,03. Mar,03. Jan,,,48.5,49.5,53.4,51.2,44,53.9,42.4,48.9,46.3,48.4,43.8,48.2,41.5,50.7,41,55.2,48.1,39.9,44.6,52,40.1,54.5,48.7,56.2,40.9,53.1,49.3,55.3,48.1,55.2,,,,,,,,,,,,,,,,,,,,,,,,,,,,,,,50.9,42.3,47,51,51.8,08. Aug,May 92,7,6,13,5,04. Mar
123,QAT,128,Qatar,"42,51",-3,125,"40,16",MENA,Qatar,1,,,,-0.392315329821637,,-0.25273354144755394,-0.450524001876813,-0.39,-0.25273354144755394,,,29400,1.899,,26,,2.211,272.6,,,,,,,,,,,,,,,,,,,,,,,05. Jul,,,,,0,0,2,,2,3,0,1,0,,,,,,,,,,,,,,,,,,,,,,,,,,,,,,,,,,,,,,,,,,,,,,,,,,,,,,,,,,,,,,,,,,,,,,,,,,,,,,6,5,11,50,0
124,COL,129,Colombia,"42,82",1,130,"41,03",Amériques,Colombia,6,,16,0.268314057235297,0.29597791689318703,0.473026795444736,0.5338873119408171,0.467200327076286,0.268314057235297,0.268314057235297,7319,7509,8400,1.631,5,4,53.8,0.951,97.1,,,,,,,,,,,,,,,,,,,,,13,Feb 15,May 73,1,,,,2,2,1,2,2,3,1,1,2,,28. Sep,42.7,2,10. Jul,0.785,,02. Feb,,,,,,,,,,,,,,,,,,,,,,,,,,,,,,,,,,,,,,,,,,,,,,,,,,,,,,,,,,,,,,,,,,,,,Jun 59,3,3,6,40,14. Aug
125,JOR,130,Jordan,"43,11",2,132,"41,71",MENA,Jordan,1,,15,0.15619710099742498,0.169846341125582,0.34689521967713105,0.38973693963498207,0.461179271387534,0.15619710099742498,0.15619710099742498,4947,4317,4700,,32,,39.7,1.146,105.9,,,,,,,,,,,48.35,53.73,49.77,49.86,47.1,,,,,,,,,,,,,3,1,1,2,3,2,0,1,2,,21,46.2,22. Apr,28. Feb,0.753,05. Jan,02. Aug,,,,,,,,,,,,,,,,,,,,,,,,,,,,,,,,,,,,,,,,,,,,,,,,,,,,,,,,,,,,,,,,,,,,,May 53,5,4,9,55,0.7
126,CMR,131,Cameroon,"43,32",-2,129,"40,92",Afrique,Cameroon,4,,24,116.733.251.445.848,11.678.329.907.268.700,119.830.649.969.985,120.330.332.761.251,124.818.567.869.326,116.733.251.445.848,116.733.251.445.848,,2067,,,,,44.6,,99.6,,,,,,,,,,,,,,,,,,,,,,,,,,,,2,2,3,3,2,3,3,3,3,,,,,,,,,,,,,,,,,,,,,,,,,,,,,,,,,,,,,,,,,,,,,,,,,,,,,,,,,,,,,,,,,,,,,,,,,,,,,Apr 96,6,6,12,30,01. Aug
127,OMN,132,Oman,"43,42",-5,127,"40,67",MENA,Oman,1,,12,-0.143927163061228,-0.167793455940403,0.009255422611145491,0.00386288584528441,0.0109928752995542,-0.143927163061228,-0.143927163061228,,11942,19000,,,,,,131.5,,,,,,,,,,,,,,,,,,,,,,,,,,,,1,0,2,2,2,2,0,1,2,,,,,,,,,,,,,,,,,,,,,,,,,,,,,,,,,,,,,,,,,,,,,,,,,,,,,,,,,,,,,,,,,,,,,,,,,,,,,,6,5,11,50,0
128,ARE,133,United Arab Emirates,"43,63",-5,128,"40,86",MENA,United Arab Emirates,1,,9,-0.45160508117880604,-0.513931113822678,-0.33688223527113,-0.39172300887731604,-0.450524001876813,-0.45160508117880604,-0.45160508117880604,18754,,49700,1.726,24,24,,27.430.000.000.000.000,212.3,,,,,,,,,,,,,,,,,,,,,38,,,1,,,,0,0,2,2,2,2,0,1,0,,,,,,0.8490000000000001,,,,,,,,,,,,,,,,,,,,,,,,,,,,,,,,,,,,,,,,,,,,,,,,,,,,,,,,,,,,,,,,,,,,,,,,6,5,11,40,0
129,PHL,134,Philippines,"43,91",-1,133,"42,53",Asie-Pacifique,Philippines,3,,18,0.5022731713723421,0.5591819202973629,0.45011473872794894,0.507702104264488,0.43665091812057005,0.5022731713723421,0.5022731713723421,5856,4305,5000,2.485,14,13,45.8,0.9940000000000001,101.6,32.1,51.24,17.95,Jan 16,48.3,48.9,50.8,47.4,53.5,504,48.12,47.96,43.14,51.41,49.34,97.02,100.14,99.71,95.36,96.64,32,,Jun 36,1,3,20,0.15,0,3,2,2,2,3,0,3,3,,65.7,44.3,21. Mar,13. Feb,0.758,06. Apr,02. Jul,,,50.4,47.4,51.4,53.4,46.7,51.7,45.8,48.7,49.6,45.7,44.3,48,46,54.8,46.4,51.5,52.3,45.3,49.5,50.4,46.9,54.9,49.7,53.6,47.1,50.7,49,52.4,46.4,54.7,48.3,48,47.7,51.4,45.7,46.9,48.7,50.5,53.8,49.2,51.2,48.4,49,51.1,51.2,54.7,51.7,43.4,45.5,46.6,50.2,49,47,48.1,53,51.4,51.1,54,52.3,51.8,50.8,43.8,51.8,52.9,51.5,09. May,07. Apr,3,3,6,30,21. May
130,MAR,135,Morocco,"43,98",0,135,"43,13",MENA,Morocco,4,,19,0.592309463030666,0.6604727484129781,0.551405566843564,0.623463050682334,0.7338597342761121,0.592309463030666,0.592309463030666,4557,3887,4400,1.879,34,32,40,0.9940000000000001,96.9,39.31,65.58,20. Jun,Jan 24,50.5,44.8,48.5,46.1,45.5,516,48.81,48.95,45.22,50.87,49.1,93.61,97.6,101.37,95.05,90.72,46,,Jun 37,,05. Aug,28,0.207142857142857,2,3,2,2,3,2,0,3,2,,33.5,52.5,08. Mar,29. Jun,0.631,05. Jun,02. Aug,,,,,,,,,,,,,,,,,,,,,,,,,,,,,,,,,50.6,52.3,53.3,53.8,49.9,53.4,42.6,47.5,49.4,48.5,50.8,44.7,48.5,49,45.5,51.4,49.3,45.7,46.6,44.8,42.3,50.4,49.2,45.3,43.9,47.6,43.8,44.9,45.9,48.2,,,,,,,Jul 24,5,4,9,35,4
131,THA,136,Thailand,"44,1",4,140,"44,31",Asie-Pacifique,Thailand,2,,19,0.639437135180265,0.573950689038889,0.6044241980118621,0.524580697111947,0.456342609775939,0.639437135180265,0.639437135180265,8373,7949,9100,2.104,14,15,42,0.976,96.9,,,,,48.9,49.6,48.5,49.6,48.9,521,,,,,,,,,,,20,3,05. Jul,1,04. Jun,20,0.23,2,1,2,3,2,3,0,3,3,,,,,,0.778,,,,,,,,,,,,,,,,,,,,,,,,,,,,,,,,,,,51,50.6,50.3,48.6,48.7,49.6,48.8,48.4,49.2,48.4,49.8,51.6,48.4,48.8,46.2,51.6,47.8,48.6,49.9,48.1,49.8,49,47.8,52.5,49.5,48.8,49.4,49.2,48.8,51.2,,,,,,,May 34,7,4,11,50,12. Jan
132,MMR,138,Myanmar,"44,92",-1,137,"43,15",Asie-Pacifique,Myanmar ,2,,19,0.641416120569453,0.576177047601727,0.606650556574699,0.527125106898047,0.4593110878597221,0.641416120569453,0.641416120569453,,,,,,,,,96.1,,,,,,,,,,,,,,,,,,,,,,,,,,,,2,0,3,3,2,3,0,3,3,,,,,,,,,,,,,,,,,,,,,,,,,,,,,,,,,,,,,,,,,,,,,,,,,,,,,,,,,,,,,,,,,,,,,,,,,,,,,Jul 19,7,7,14,5,0
133,IND,140,India,"45,67",-2,138,"43,24",Asie-Pacifique,India,2,58.85,22,0.9369554727988391,0.9086588188597859,0.939132327832758,0.9071042740501151,0.9026201162038009,0.9369554727988391,0.9369554727988391,1830,3113,3700,Feb 58,19,20,36.8,1.061,107.2,,,,,50.1,48.5,48.8,51.7,52.3,555,47.42,50.43,47.36,50,48.48,95.92,97.28,100.1,102.13,99.66,48,04. Apr,May 92,1,09. Mar,28,0.33214285714285696,3,1,3,3,3,3,0,3,3,,56.2,60.2,41.8,15. Mar,0.602,,02. Jul,Apr 54,06. Jun,48.4,47.8,52.5,49.5,40,50.5,45.5,48.6,45.7,47.8,47.1,42.7,37.6,53.2,44.1,46.7,50.2,40.5,48.6,55.6,46.3,53.2,45.8,52.5,45.1,46.9,49.2,51.4,45.3,52.6,46.8,46.7,54.2,51.8,46.8,49.4,47.8,52.7,49.5,50,50.4,50.4,46.2,53,46.5,46.8,51.8,43.8,52.2,49.9,47.4,54.1,49.1,54.2,47.8,53.9,51.3,53.7,50.2,52.8,50.7,52.1,47.7,56.3,54.8,09. Jan,Jul 83,2,3,5,50,17. Jan
134,DZA,141,Algeria,"45,75",-5,136,"43,13",MENA,Algeria,4,,18,0.47171066686202795,0.52479910272326,0.558789951214327,0.631902347106063,0.7437055801037958,0.47171066686202795,0.47171066686202795,,6475,6700,,,,35.3,,101.9,,,,,,,,,,,,,,,,,,,,,,,,,,,,3,2,2,2,3,2,0,2,2,,,56.2,,,,,,,,,,,,,,,,,,,,,,,,,,,,,,,,,,,,,,,,,,,,,,,,,,,,,,,,,,,,,,,,,,,,,,,,,,Aug 41,6,5,11,30,15. Sep
135,PAK,142,Pakistan,"45,83",-3,139,"43,24",Asie-Pacifique,Pakistan,2,,13,0.0165184480541735,0.0127078565644236,-0.0963593250049906,-0.116839682858871,-0.29198116685668296,0.0165184480541735,0.0165184480541735,2151,2069,2600,2.325,25,30,30. Jun,1.048,106.4,,,,,,,,,,,,,,,,,,,,,14,02. Feb,,1,,,,2,0,1,2,1,3,0,3,1,,12. Jun,41.1,06. May,50,0.527,04. Mar,01. Jun,,,,,,,,,,,,,,,,,,,,,,,,,,,,,,,,,,,,,,,,,,,,,,,,,,,,,,,,,,,,,,,,,,,,,Jun 72,6,5,11,30,0
136,KHM,143,Cambodia,"45,9",-1,142,"45,9",Asie-Pacifique,Cambodia,2,,17,0.446501350873489,0.356897931693767,0.38737144066674,0.276520403003236,0.166938933315776,0.446501350873489,0.446501350873489,,2337,,,,,43,,95,,,,,,,,,,,,,,,,,,,,,,,,,,,,1,0,2,3,2,3,0,3,3,,,,,,,,,,,,,,,,,,,,,,,,,,,,,,,,,,,,,,,,,,,,,,,,,,,,,,,,,,,,,,,,,,,,,,,,,,,,,Jul 14,6,5,11,30,05. Jan
137,MEX,144,Mexico,"46,78",3,147,"48,91",Amériques,Mexico,5,51.96,16,0.284789250157802,0.314512508931005,0.49156138748255396,0.5550697028411801,0.654067495128099,0.284789250157802,0.284789250157802,10158,9552,10600,17.519.999.999.999.900,19,23,47.9,0.9359999999999999,97.4,35.69,49.04,25.99,0.99,46.2,47.8,50.2,47.5,50.7,493,50.24,49.51,45.72,48,52.26,98.04,102.46,94.2,97.01,96.42,30,4,May 71,1,04. Apr,13,0.33846153846153804,2,0,2,2,3,2,2,1,2,,42.3,51.4,15. Feb,13. Jun,0.8140000000000001,,02. May,02. May,03. Sep,,,,,,,,,,,,,,,,,,,,,,,,,,,,,,,48.7,48.3,47.1,46.4,47.7,48,45.5,48.8,51.3,49.7,49.3,51.5,50.2,49.8,46.5,49.4,50.8,49.6,49.6,46.4,47.6,49.8,46.8,48.8,51.3,49.6,50.3,52,51.7,52,,,,,,,May 85,2,2,4,50,21. Feb
138,CAF,145,Central African Republic,"47,27",-33,112,"35,25",Afrique,Central African Republic,4,,24,116.076.861.724.002,11.604.486.063.561.200,119.092.211.532.909,11.948.640.311.887.800,12.383.398.328.655.700,116.076.861.724.002,116.076.861.724.002,,1048,,,,,61.3,,96.4,,,,,,,,,,,,,,,,,,,,,,,,,,,,1,3,3,3,2,3,3,3,3,,,,,,,,,,,,,,,,,,,,,,,,,,,,,,,,,,,,,,,,,,,,,,,,,,,,,,,,,,,,,,,,,,,,,,,,,,,,,0,5,4,9,20,11. Jan
139,HND,146,Honduras,"48,53",-5,141,"45,23",Amériques,Honduras,6,,,,0.110728117011378,,0.15867836343534197,0.0294565538198989,0.11,0.15867836343534197,,2816,4300,,,,53.8,,99.5,,,,,,,,,,,,,,,,,,,,,,,,,,,,3,0,1,,0,3,1,2,2,,,,,,,,,,,,,,,,,,,,,,,,,,,,,,,,,,,,,,,,,,,,,,,,,,,,,,,,,,,,,,,,,,,,,,,,,,,,,Apr 22,3,3,6,30,15. Mar
140,SWZ,147,Swaziland,"49,09",5,152,"51,46",Afrique,Swaziland,4,,14,0.08394310545715401,0.228101286685163,-0.0205065854266376,0.129324237279117,-0.00478992669569644,0.08394310545715401,0.08394310545715401,,,,,,,50.4,,94.5,,,,,,,,,,,,,,,,,,,,,,,,,,,,0,3,0,1,2,3,0,3,2,,,,,,,,,,,,,,,,,,,,,,,,,,,,,,,,,,,,,,,,,,,,,,,,,,,,,,,,,,,,,,,,,,,,,,,,,,,,,,7,5,12,50,0
141,VEN,148,Venezuela,"49,1",-5,143,"46,03",Amériques,Venezuela,6,,18,0.47666048843554704,0.530367651993469,0.7074165305450171,0.801761294912566,0.7797199738766609,0.47666048843554704,0.47666048843554704,6104,6139,6900,Jan 47,10,8,48.2,0.97,101,,,,,,,,,,,,,,,,,,,,,12,,May 53,1,,,,2,2,2,2,2,3,2,1,2,,44.6,50.7,15. May,08. May,0.772,06. Aug,03. Jan,,,,,,,,,,,,,,,,,,,,,,,,,,,,,,,,,,,,,,,,,,,,,,,,,,,,,,,,,,,,,,,,,,,,,Jun 57,4,4,8,5,11. Aug
142,RUS,149,Russia,"50,31",-1,148,"49,96",EEAC,Russia,2,43.91,9,-0.393108903460739,-0.448122913889853,-0.5571900954592671,-0.6435034205209019,-0.582113436792941,-0.393108903460739,-0.393108903460739,10865,9821,12100,0.92,56,60,41.5,0.93,86.5,,,,,51.4,45.7,49.7,50.3,49.1,527,,,,,,,,,,,39,6,May 63,1,,,,0,0,0,2,3,1,0,3,0,,30. Sep,31.4,08. Jan,01. Mar,0.795,04. Apr,02. Jun,,,51.7,51.8,54.1,54,49.5,58.6,45.9,48.8,47.6,48,46.4,47.2,49.8,53.6,47.4,50.6,46.8,43.5,47,43.2,41.3,46.9,49.6,46,40.6,50.2,46,46.8,43.8,50.3,50,49.8,49.7,54.1,50.5,54,48,45.3,47.6,47.2,49,45.5,48.7,51.2,48.4,48.9,48.7,49.4,51.6,48.5,48.4,48.9,50.5,49.6,47.1,51,49.3,48.3,47.3,51.6,53.6,45.2,49.1,46.7,46.5,09. Sep,Apr 83,6,5,11,25,28
143,BGD,150,Bangladesh,"50,74",-4,146,"48,62",Asie-Pacifique,Bangladesh,2,,19,0.617129791961059,0.6883956184596689,0.579328436890255,0.6553749021642671,0.6089358490036451,0.617129791961059,0.617129791961059,2098,1825,2200,3.051,23,24,33.2,1.042,102.4,19.67,31. Jan,11. Aug,01. Sep,,,,,,,44.98,50.49,46.71,51.2,53.35,,,,,,20,,,,,,,3,0,3,2,2,3,0,3,3,,77.8,19. Jan,71.7,37,0.52,05. Jul,02. May,,,,,,,,,,,,,,,,,,,,,,,,,,,,,,,,,,,,,,,,,,,,,,,,,,,,,,,,,,,,,,,,,,,,,,4,4,8,25,17. Mar
144,SGP,151,Singapore,"51,41",0,151,"50,95",Asie-Pacifique,Singapore,3,71.24,16,0.30846264529476003,0.34114507846008396,0.23207789689067002,0.25851714216474103,0.145935129004198,0.30846264529476003,0.30846264529476003,28848,26711,30900,3.824,1,1,48.1,0.95,101.3,,,,,,,,,,,,,,,,,,,,,20,03. May,May 64,1,,,,0,1,3,2,1,3,0,3,3,,74.7,46.9,04. Jul,11. May,0.907,06. Sep,2,,,,,,,,,,,,,,,,,,,,,,,,,,,,,,,,,,,,,,,,,,,,,,,,,,,,,,,,,,,,,,,,,,,,,Apr 45,5,4,9,90,04. Jan
145,BRN,152,Brunei,"51,48",1,153,"51,48",Asie-Pacifique,Brunei,3,,13,-0.0140839770527607,0.117820818861509,-0.130787053250292,0.0032894169092265897,-0.151830550460569,-0.0140839770527607,-0.0140839770527607,,,,,,,,,107.5,,,,,,,,,,,,,,,,,,,,,,,,,,,,0,0,3,1,2,3,0,3,1,,,,,,,,,,,,,,,,,,,,,,,,,,,,,,,,,,,,,,,,,,,,,,,,,,,,,,,,,,,,,,,,,,,,,,,,,,,,,,6,5,11,,0
146,BLR,153,Belarus,"51,66",2,155,"52,59",EEAC,Belarus,1,,6,-0.7469113341414549,-0.706609957863272,-0.812159799914591,-0.775422293564259,-0.736018788676858,-0.7469113341414549,-0.7469113341414549,11907,6592,7800,1.671,54,53,27. Sep,0.945,87.4,,,,,,,,,,,,,,,,,,,,,,4,,,,,,0,0,0,1,2,1,0,2,0,,31. Jul,31.6,16. May,01. Jul,0.7859999999999999,04. Mar,02. May,,,,,,,,,,,,,,,,,,,,,,,,,,,,,,,,,,,,,,,,,,,,,,,,,,,,,,,,,,,,,,,,,,,,,,7,6,13,20,14. Aug
147,COD,154,Democratic Republic of the Congo,"51,71",0,154,"51,6",Afrique,Democratic Republic of the Congo,4,,22,0.9678328329332458,0.9433958490109929,0.9738693579839659,0.9468037370800659,0.948936156405411,0.9678328329332458,0.9678328329332458,382,633,,,5,,,0.9790000000000001,98.1,32.43,41.16,29.55,0.51,,,,,,,51.19,54.82,55.71,44.58,46.23,,,,,,,,,,,,,0,2,3,3,2,3,3,3,3,0.89,,,,,0.385,,,,,,,,,,,,,,,,,,,,,,,,,,,,,,,,,,,,,,,,,,,,,,,,,,,,,,,,,,,,,,,,,,,,,,,Jun 98,5,6,11,10,0
148,RWA,155,Rwanda,"52,43",1,156,"52,9",Afrique,Rwanda,4,,23,104.758.711.497.312,103.311.941.630.585,10.635.929.252.788.100,104.934.495.684.562,106.856.757.946.522,104.758.711.497.312,104.758.711.497.312,,1321,,,,,46.8,,93.4,,,,,,,,,,,,,,,,,,,,,,,,,,,,1,3,3,3,2,3,2,3,3,,,,,,,,,,,,,,,,,,,,,,,,,,,,,,,,,,,,,,,,,,,,,,,,,,,,,,,,,,,,,,,,,,,,,,,,,,,,,Feb 83,6,5,11,30,0
149,IRQ,156,Iraq,"52,6",4,160,"56,56",MENA,Iraq,1,,18,0.5429117354920461,0.46535961438964396,0.495833123362616,0.4004766117985229,0.311554510243611,0.5429117354920461,0.5429117354920461,3554,,2900,1.804,33,33,,1.026,102.4,,,,,,,,,,,,,,,,,,,,,38,,,1,,,,2,1,1,3,3,3,0,3,2,,28. Aug,73.8,,18. Feb,,,,,,,,,,,,,,,,,,,,,,,,,,,,,,,,,,,,,,,,,,,,,,,,,,,,,,,,,,,,,,,,,,,,,,,,Jun 19,6,6,12,,0
150,TUR,157,Turkey,"52,81",0,157,"53,5",EEAC,Turkey,1,54.29,15,0.162571193957658,0.177017195705843,0.35406607425739206,0.39793220201242296,0.308586032159828,0.162571193957658,0.162571193957658,7688,7938,8900,1.965,41,39,43.6,1.032,101.1,36.06,54.16,21.71,01. Mar,51.4,53,48.2,51,51.4,517,51.59,47.89,48.71,49.88,52.7,104.59,100.9,101.28,98.89,100.11,37,Mar 85,May 88,1,,,,2,2,0,2,3,3,0,1,2,,12. Jul,38.7,33.9,13. Jun,0.75,05. Jun,3,02. Jun,9,47.9,50.7,50.9,53.1,49,51.6,47.7,52.8,48.8,50.7,50.2,53.1,49.8,53,50.5,52,47.4,51.5,47.2,53.5,51.6,45.5,44.3,48,49.5,47.3,50.2,52,48.2,51.4,47.8,51,49.6,53.2,50.6,50.7,51.4,50.9,51.8,51.1,51.1,52,49.6,49.6,51.1,49,45.9,52.4,51,54.5,54.5,46.7,49.9,51.6,50.9,51.6,52,51.1,49.9,50.2,50.9,50.3,50.8,48.5,50.4,11. Jan,05. Jul,3,3,6,50,22. Apr
151,KAZ,158,Kazakhstan,"52,82",0,158,"54,41",EEAC,Kazakhstan,2,,,,-0.21749900208586398,,-0.379933235602057,-0.43676926638901004,-0.22,-0.379933235602057,7730,7381,9100,0.758,,48,30. Apr,0.956,91.5,,,,,,,,,,,,,,,,,,,,,,,May 26,,,,,2,0,0,,2,2,0,3,0,,,,,,,,,,,,,,,,,,,,,,,,,,,,,,,,,,,,,,,,,,,,,,,,,,,,,,,,,,,,,,,,,,,,,,,,,,,,,,6,5,11,25,09. Feb
152,BDI,159,Burundi,"52,89",0,159,"55,26",Afrique,Burundi,4,,23,106.101.877.647.741,10.482.300.354.981.700,10.787.035.444.711.500,106.661.423.592.256,108.871.507.172.165,106.101.877.647.741,106.101.877.647.741,,635,,,,,42.4,,95.4,,,,,,,,,,,,,,,,,,,,,,,,,,,,0,3,3,3,2,3,3,3,3,,,,,,,,,,,,,,,,,,,,,,,,,,,,,,,,,,,,,,,,,,,,,,,,,,,,,,,,,,,,,,,,,,,,,,,,,,,,,03. Sep,3,5,8,30,0
153,UZB,160,Uzbekistan,"53,52",5,165,"60,84",EEAC,Uzbekistan,1,,9,-0.43509453558932104,-0.355816059492122,-0.46136590154344104,-0.374514981140087,-0.43044796951671205,-0.43509453558932104,-0.43509453558932104,,1806,2400,,,,36.8,,98.9,,,,,,,,,,,,,,,,,,,,,,,,,,,,1,0,0,1,2,2,0,2,1,,,,,,,,,,,,,,,,,,,,,,,,,,,,,,,,,,,,,,,,,,,,,,,,,,,,,,,,,,,,,,,,,,,,,,,,,,,,,,7,7,14,20,03. Jul
154,TJK,161,Tajikistan,"54,02",-12,149,"50,06",EEAC,Tajikistan,2,,,,0.13329489628528698,,0.0209740768221151,-0.131198447228865,0.13,0.0209740768221151,,1071,1700,,,,32.6,,98.2,,,,,,,,,,,,,,,,,,,,,,,,,,,,3,0,0,,2,3,0,3,1,,,,,,,,,,,,,,,,,,,,,,,,,,,,,,,,,,,,,,,,,,,,,,,,,,,,,,,,,,,,,,,,,,,,,,,,,,,,,,6,5,11,30,9
155,LBY,162,Libya,"55,77",0,162,"56,79",MENA,Libya,4,,14,0.0382305261122256,0.0371339443797322,0.214182822931281,0.23806562906829604,0.284229409059735,0.0382305261122256,0.0382305261122256,7703,,12700,0.535,33,25,,1.062,107.8,,,,,,,,,,,,,,,,,,,,,38,,,1,,,,2,2,2,2,2,2,0,1,1,,,,,,0.799,,,,,,,,,,,,,,,,,,,,,,,,,,,,,,,,,,,,,,,,,,,,,,,,,,,,,,,,,,,,,,,,,,,,,,,04. Nov,7,7,14,10,0
156,EGY,163,Egypt,"56,47",-2,161,"56,72",MENA,Egypt,4,,18,0.44194811493395797,0.49131623180418105,0.66836511035573,0.757131100410524,0.8898057922923329,0.44194811493395797,0.44194811493395797,4274,3638,4200,19.069.999.999.999.900,30,27,34.4,1.024,101.3,,,,,,,,,,,,,,,,,,,,,38,04. Apr,May 64,1,,,,2,3,2,2,3,2,0,1,3,,72.6,53.2,65.8,22. Apr,0.659,04. Aug,03. Jul,,,,,,,,,,,,,,,,,,,,,,,,,,,,,,,,,,,,,,,,,,,,,,,,,,,,,,,,,,,,,,,,,,,,,May 97,7,6,13,40,3
157,SOM,164,Somalia,"57,24",4,168,"63,04",Afrique,Somalia,4,,19,0.607226438598544,0.67725434592684,0.568187164357426,0.642642019269605,0.594080818959873,0.607226438598544,0.607226438598544,,,,,,,,,98.2,,,,,,,,,,,,,,,,,,,,,,,,,,,,2,2,2,2,3,3,0,3,2,,,,,,,,,,,,,,,,,,,,,,,,,,,,,,,,,,,,,,,,,,,,,,,,,,,,,,,,,,,,,,,,,,,,,,,,,,,,,04. Jan,7,7,14,,0
158,GNQ,165,Equatorial Guinea,"58,35",6,171,"66,47",Afrique,Equatorial Guinea,4,,22,0.957054737799924,0.9312704919860071,0.9617440009589789,0.9329461861943671,0.932769013705428,0.957054737799924,0.957054737799924,,,,,,,,,98.2,,,,,,,,,,,,,,,,,,,,,,,,,,,,0,3,3,3,2,3,3,3,2,,,,,,,,,,,,,,,,,,,,,,,,,,,,,,,,,,,,,,,,,,,,,,,,,,,,,,,,,,,,,,,,,,,,,,,,,,,,,,7,6,13,30,1
159,AZE,166,Azerbaijan,"59,13",-3,163,"59,73",EEAC,Azerbajan,1,,16,0.3271480103900589,0.222625423649909,0.3961569626833621,0.286560999593662,0.178652962671273,0.3271480103900589,0.3271480103900589,,4368,,,,,36.5,,95,,,,,,,,,,,,,,,,,,,,,,,,,,,,3,0,0,3,3,3,0,2,2,,,24. Aug,,,,,,,,,,,,,,,,,,,,,,,,,,,,,,,,,,,,,,,,,,,,,,,,,,,,,,,,,,,,,,,,,,,,,,,,,,,6,5,11,25,11. May
160,BHR,167,Bahrain,"61,31",-1,166,"60,85",MENA,Bahrain,1,,14,0.0959233612671708,0.10203838392904599,0.136029232420113,0.148747239912676,0.0178702430434553,0.0959233612671708,0.0959233612671708,21441,19756,25300,3.028,26,26,,13.719.999.999.999.900,135.3,,,,,,,,,,,,,,,,,,,,,,3,,,,,,2,0,1,2,2,3,0,2,2,,,,,,0.846,,,,,,,,,,,,,,,,,,,,,,,,,,,,,,,,,,,,,,,,,,,,,,,,,,,,,,,,,,,,,,,,,,,,,,,,5,5,10,60,0
161,YEM,168,Yemen,"61,66",-1,167,"62,23",MENA,Yemen,1,,17,0.41245320182286893,0.31859376401182,0.349067272984792,0.23274421136672502,0.440175467075956,0.41245320182286893,0.41245320182286893,,846,2500,,,,37.7,,102.5,,,,,,,,,,,,,,,,,,,,,,,,,,,,2,2,2,3,2,1,0,3,2,,,,,,,,,,,,,,,,,,,,,,,,,,,,,,,,,,,,,,,,,,,,,,,,,,,,,,,,,,,,,,,,,,,,,,,,,,,,,05. May,5,5,10,30,04. Sep
162,CUB,169,Cuba,"63,81",3,172,"68,9",Amériques,Cuba,5,,,,,,-0.00457641057844497,0.0011470294718699,0,-0.00457641057844497,,,11000,,,,,,100.6,,,,,,,,,,,,,,,,,,,,,,,,,,,,0,1,2,,2,2,0,,2,,,,,,,,,,,,,,,,,,,,,,,,,,,,,,,,,,,,,,,,,,,,,,,,,,,,,,,,,,,,,,,,,,,,,,,,,,,,,Jul 21,7,7,14,10,0
163,IRN,170,Iran,"64,41",-6,164,"60,71",MENA,Iran,1,,12,-0.150464542429056,-0.314688698271597,0.0019008708223387102,-0.164017391104651,0.139441309527407,-0.150464542429056,-0.150464542429056,8367,7424,8900,16.019.999.999.999.900,36,32,44.5,1.024,103.9,,,,,48.4,48.2,50.1,48.6,47,528,,,,,,,,,,,41,,06. Mar,1,5,15,0.33333333333333304,2,2,1,3,3,0,0,1,0,,53.2,41.4,24. Feb,12,0.736,6,02. Jul,,,,,,,,,,,,,,,,,,,,,,,,,,,,,,,,,48.8,49.1,51.6,48.2,47,52.3,46.5,51.1,48.7,47.8,53,48.7,47.5,54.1,48.3,49.7,47.4,49,50.3,47.4,45,51.2,45.4,50.2,47.4,48.7,47.3,49.4,45.9,48.5,,,,,,,May 83,6,6,12,10,04. Feb
164,LAO,171,Laos,"64,49",-1,170,"66,41",Asie-Pacifique,Laos,2,,17,0.446501350873489,0.356897931693767,0.38737144066674,0.276520403003236,0.166938933315776,0.446501350873489,0.446501350873489,,1802,,,,,34.6,,99.2,,,,,,,,,,,,,,,,,,,,,,,,,,,,1,0,2,3,2,3,0,3,3,,,,,,,,,,,,,,,,,,,,,,,,,,,,,,,,,,,,,,,,,,,,,,,,,,,,,,,,,,,,,,,,,,,,,,,,,,,,,Jun 79,7,6,13,10,0.5
165,SAU,172,Saudi Arabia,"65,88",-3,169,"63,13",MENA,Saudi Arabia,1,,14,0.0424447240270909,0.0418749170339557,0.21892379558550398,0.24348388353026604,0.290550705932033,0.0424447240270909,0.0424447240270909,15307,12321,13800,1.109,25,25,,1.314,123.5,,,,,,,,,,,,,,,,,,,,,38,,,1,,,,1,2,2,2,2,2,0,1,2,,70,66.6,37.7,14. Apr,0.772,,,,,,,,,,,,,,,,,,,,,,,,,,,,,,,,,,,,,,,,,,,,,,,,,,,,,,,,,,,,,,,,,,,,,,,Feb 56,7,6,13,40,0
166,DJI,173,Djibouti,"71,36",0,173,"70,77",Afrique,Djibouti,4,,18,0.49255962226805106,0.548254177555035,0.43918699598562105,0.49521325541611405,0.584234973132188,0.49255962226805106,0.49255962226805106,,3159,,,,,,,99.8,,,,,,,,,,,,,,,,,,,,,,,,,,,,1,3,2,2,3,2,0,3,2,,,,,,,,,,,,,,,,,,,,,,,,,,,,,,,,,,,,,,,,,,,,,,,,,,,,,,,,,,,,,,,,,,,,,,,,,,,,,,5,5,10,30,03. Jan
167,SYR,174,Syria,"71,78",3,177,"79,22",MENA,Syria,1,,16,0.296297784563208,0.327459610137088,0.361450458628155,0.40637149843615294,0.318431877987512,0.296297784563208,0.296297784563208,,3802,4700,,,,,,102,,,,,,,,,,,,,,,,,,,,,,,,,,,,3,1,0,2,3,3,0,2,2,,,,,,,,,,,,,,,,,,,,,,,,,,,,,,,,,,,,,,,,,,,,,,,,,,,,,,,,,,,,,,,,,,,,,,,,,,,,,May 44,7,7,14,30,01. May
168,SDN,175,Sudan,"72,45",-1,174,"71,13",Afrique,Sudan,4,,23,100.436.977.367.101,112.404.059.788.337,10.149.734.163.139.400,115.325.487.864.849,135.195.020.023.663,100.436.977.367.101,100.436.977.367.101,,1726,1900,,,,,,101.4,,,,,,,,,,,,,,,,,,,,,,,,,,,,3,3,3,2,3,2,1,3,3,,,,,,,,,04. Mar,5,,,,,,,,,,,,,,,,,,,,,,,,,,,,,,,,,,,,,,,,,,,,,,,,,,,,,,,,,,,,,,,,,,,May 28,7,6,13,,01. May
169,VNM,176,Vietnam,"74,93",-1,175,"75,05",Asie-Pacifique,Vietnam,2,,19,0.608586909353414,0.6787848755260689,0.5697176939566551,0.6443911959544381,0.596121525092178,0.608586909353414,0.608586909353414,3298,2659,3100,2.418,11,16,37,0.983,96.8,,,,,,,,,,,,,,,,,,,,,20,,,,04. May,21,0.214285714285714,2,2,2,2,2,3,0,3,3,,56.4,56.3,32.2,01. Mar,0.7040000000000001,06. Jan,02. Mar,,,,,,,,,,,,,,,,,,,,,,,,,,,,,,,,,,,,,,,,,,,,,,,,,,,,,,,,,,,,,,,,,,,,,Sep 18,7,5,12,10,0
170,CHN,177,China,"78,92",-1,176,"78,29",Asie-Pacifique,China PRC,2,75.2,23,10.301.414.163.429.900,101.349.300.534.697,104.396.651.431.994,102.691.477.289.261,104.239.903.152.004,10.301.414.163.429.900,10.301.414.163.429.900,5581,5453,7600,2.151,31,35,47,1.057,107.7,,,,,46.5,46.6,50.1,48.6,48,517,,,,,,,,,,,20,2,05. Aug,1,,,,3,2,3,3,3,3,0,3,3,,74.1,19. Feb,14. Jun,0.7,0.755,,02. Jun,,,49.7,54.1,54,54.9,47.2,56.3,45.7,53.2,46.4,49.3,46.8,45.3,45.8,53.6,44.7,43.1,47.6,49.7,50,48.4,41.7,40.9,47.2,54.2,44,47.7,50.5,49.7,47.2,57.2,46.1,48.2,49.6,49.8,47.4,50,47.5,50,50.1,49.8,47.9,48,47.6,50.3,46.5,50.2,49.6,51.3,49.3,48.6,45.5,50.2,46.5,49.5,48.3,48.9,48,47.4,48.6,52,53.1,44.5,48.3,47.8,50.3,10. May,Jul 86,7,6,13,20,0
171,ERI,178,Eritrea,"80,26",1,179,"84,24",Afrique,Eritrea,4,,18,0.520556120934906,0.440209548012861,0.470683056985834,0.37173367879648606,0.440175467075956,0.520556120934906,0.520556120934906,,1025,,,,,,,96.2,,,,,,,,,,,,,,,,,,,,,,,,,,,,2,2,2,3,2,2,0,3,2,,,,,,,,,,,,,,,,,,,,,,,,,,,,,,,,,,,,,,,,,,,,,,,,,,,,,,,,,,,,,,,,,,,,,,,,,,,,,,7,6,13,10,0
172,PRK,179,North Korea,"83,4",1,180,"88,87",Asie-Pacifique,North Korea,2,,14,0.11877781991301001,-0.0117910406367717,0.0186824683362007,-0.14483842251738,-0.000337605788832398,0.11877781991301001,0.11877781991301,,,,,,,,,98.1,,,,,,,,,,,,,,,,,,,,,,,,,,,,2,1,1,3,3,1,0,3,0,,,,,,,,,,,,,,,,,,,,,,,,,,,,,,,,,,,,,,,,,,,,,,,,,,,,,,,,,,,,,,,,,,,,,,,,,,,,,02. Feb,7,7,14,5,172
173,TKM,180,Turkmenistan,"85,44",-2,178,"84,2",EEAC,Turkmenistan,1,,13,-0.00345576558104289,-0.009763133775194891,0.0242277147158724,0.0209740768221151,-0.131198447228865,-0.00345576558104289,-0.00345576558104289,,6991,,,,,40.8,,97.4,,,,,,,,,,,,,,,,,,,,,,,,,,,,3,0,0,2,2,3,0,2,1,,,,,,,,,,,,,,,,,,,,,,,,,,,,,,,,,,,,,,,,,,,,,,,,,,,,,,,,,,,,,,,,,,,,,,,,,,,,,,7,7,14,10,0